ID,StudyID,Sex,AgeAtScreen,Age_Bin,BodyWeight,BW_Bin,BW_zscore,FRC,Cg,Ettube,EC150,Raw_mean,Raw_std,Raw_min,Raw_max,Iaw_mean,Iaw_std,Iaw_min,Iaw_max,Rti_mean,Rti_std,Rti_min,Rti_max,Iti_mean,Iti_std,Iti_min,Iti_max,Cti_mean,Cti_std,Cti_min,Cti_max,Eti,ResNorm_mean,ResNorm_std,ResNorm_min,ResNorm_max,gest_nanCount_PM,gest_nanCount_O3,gest_nanCount_NO2,gest_nanCount_Temp,gest_countPMsensitive,gest_countPMunhealthy,gest_countO3sensitive,gest_countO3unhealthy,gest_countNO2sensitive,gest_countNO2unhealthy,gest_countTempsensitive,gest_countTempunhealthy,gest_avgPM,gest_avgO3,gest_avgNO2,gest_avgTemp,gest_AUCPM,gest_AUCO3,gest_AUCNO2,gest_AUCTemp,neonatal_nanCount_PM,neonatal_nanCount_O3,neonatal_nanCount_NO2,neonatal_nanCount_Temp,neonatal_countPMsensitive,neonatal_countPMunhealthy,neonatal_countO3sensitive,neonatal_countO3unhealthy,neonatal_countNO2sensitive,neonatal_countTempsensitive,neonatal_countTempunhealthy,neonatal_avgPM,neonatal_avgO3,neonatal_avgNO2,neonatal_avgTemp,neonatal_AUCPM,neonatal_AUCO3,neonatal_AUCNO2,neonatal_AUCTemp,infancy_nanCount_PM,infancy_nanCount_O3,infancy_nanCount_NO2,infancy_nanCount_Temp,infancy_countPMsensitive,infancy_countPMunhealthy,infancy_countO3sensitive,infancy_countO3unhealthy,infancy_countNO2sensitive,infancy_countNO2unhealthy,infancy_countTempsensitive,infancy_countTempunhealthy,infancy_avgPM,infancy_avgO3,infancy_avgNO2,infancy_avgTemp,infancy_AUCPM,infancy_AUCO3,infancy_AUCNO2,infancy_AUCTemp,postnatal_nanCount_PM,postnatal_nanCount_O3,postnatal_nanCount_NO2,postnatal_nanCount_Temp,postnatal_countPMsensitive,postnatal_countPMunhealthy,postnatal_countO3sensitive,postnatal_countO3unhealthy,postnatal_countNO2sensitive,postnatal_countNO2unhealthy,postnatal_countTempsensitive,postnatal_countTempunhealthy,postnatal_avgPM,postnatal_avgO3,postnatal_avgNO2,postnatal_avgTemp,postnatal_AUCPM,postnatal_AUCO3,postnatal_AUCNO2,postnatal_AUCTemp,postnatal_totalhours,PFTpre_7d_nanCount_PM,PFTpre_7d_nanCount_O3,PFTpre_7d_nanCount_NO2,PFTpre_7d_nanCount_Temp,PFTpre_7d_countPMsensitive,PFTpre_7d_countPMunhealthy,PFTpre_7d_countO3sensitive,PFTpre_7d_countO3unhealthy,PFTpre_7d_countNO2sensitive,PFTpre_7d_countNO2unhealthy,PFTpre_7d_countTempsensitive,PFTpre_7d_countTempunhealthy,PFTpre_7d_avgPM,PFTpre_7d_avgO3,PFTpre_7d_avgNO2,PFTpre_7d_avgTemp,PFTpre_7d_AUCPM,PFTpre_7d_AUCO3,PFTpre_7d_AUCNO2,PFTpre_7d_AUCTemp,PFTpre_30d_nanCount_PM,PFTpre_30d_nanCount_O3,PFTpre_30d_nanCount_NO2,PFTpre_30d_nanCount_Temp,PFTpre_30d_countPMsensitive,PFTpre_30d_countPMunhealthy,PFTpre_30d_countO3sensitive,PFTpre_30d_countO3unhealthy,PFTpre_30d_countNO2sensitive,PFTpre_30d_countNO2unhealthy,PFTpre_30d_countTempsensitive,PFTpre_30d_countTempunhealthy,PFTpre_30d_avgPM,PFTpre_30d_avgO3,PFTpre_30d_avgNO2,PFTpre_30d_avgTemp,PFTpre_30d_AUCPM,PFTpre_30d_AUCO3,PFTpre_30d_AUCNO2,PFTpre_30d_AUCTemp
D6FBD,C,M,1284,4,7.12,7,1.30417273832632,0.453927621,0.00046845,5.0,1.937721,17.98554,0.48474400391684364,17.4817,18.9549,0.192331,0.009057659067208134,0.18169,0.20909,2.0716799999999997,0.21859656803242714,1.6682,2.3023,0.0014393602,0.0015333083434222153,1.0003e-05,0.0038278,0.004441100000000001,0.0001954720497212382,0.0041011,0.004671,225.16944000360266,0.07831767662316196,0.007940031669942792,0.06854324836237886,0.09181007347377984,332,268,309,367,689,95,52,0,1102,14,0,0,8.77073573987324,0.0211573246682914,0.00973932092004379,51.8440734557596,31829.0,78.134,35.5679999999999,186327.6,2,30,30,1,18,0,134,5,115,0,0,5.82753824756606,0.0342069464544139,0.00694211287988422,58.0725,4190.0,23.637,4.797,41812.2,324,497,518,297,1819,299,651,119,1541,15,254,9,11.6470519631981,0.024310577942736,0.00844370596836366,61.2632489669422,89880.3,183.399,63.5219999999998,474422.600000001,2928,2957,2766,321,4692,447,2480,308,4271,28,1128,32,9.34720857685826,0.0262882627422828,0.00715111760721554,62.0609325813222,260684.3,732.391,200.596000000003,1892610.2,30817,5,18,17,0,0,0,0,0,10,0,0,0,1.95609756097561,0.0259668874172186,0.00596052631578948,61.2366863905325,320.8,3.921,0.906,10349.0,7,41,40,0,0,0,89,9,158,2,80,2,3.00672268907563,0.0271647058823529,0.00856240822320116,71.2729542302358,2146.8,18.472,5.83099999999999,51387.8
66312,C,F,1198,3,4.88,5,0.0856382992530734,0.257269182,0.0002655,4.5,32.0,10.537650000000003,0.46276381364819597,9.5223,11.2302,0.22079100000000002,0.002086988526827857,0.21807,0.22297,0.010000499999999999,1.5811388300841252e-06,0.01,0.010005,1e-05,0.0,1e-05,1e-05,0.00751903,0.0006383496935240295,0.0059148,0.0081262,132.99587845772658,1.2862361755456229,0.023697518110415913,1.2532430699770116,1.3403657178855208,331,266,307,367,676,91,55,0,1089,10,0,0,8.6763085399449,0.0213328822733423,0.00972687465790911,51.4098497495826,31495.0,78.825,35.5419999999999,184767.0,3,30,30,1,47,0,149,5,114,0,0,6.8857938718663,0.0349971056439942,0.0068451519536903,60.0375,4944.0,24.183,4.73,43227.0,325,497,518,297,1740,273,647,119,1516,15,254,9,11.1269051321929,0.0244188759278898,0.00836979928220122,61.1586518595042,85855.2000000001,184.216,62.9659999999998,473612.600000001,2912,2859,2670,320,4336,435,2145,264,3990,26,892,30,9.37307379745366,0.0260351432764348,0.00711643599279234,61.4219252277284,242209.6,674.154000000002,185.618000000003,1746409.6,28753,1,7,7,0,6,0,5,0,5,0,6,0,4.23333333333333,0.0228148148148148,0.00437037037037037,71.6852071005917,711.2,3.696,0.708,12114.8,1,30,30,0,243,2,115,10,50,0,118,15,11.6488888888889,0.0295282199710564,0.00594645441389291,76.6754507628294,8387.2,20.404,4.109,55283.0
7CB9E,C,F,1227,3,5.03,5,0.135386545850465,0.269246936,0.000277861,4.5,4.933654,17.020410000000002,1.6335912098808565,13.7196,19.2113,0.172311,0.037408127592810626,0.10406,0.21396,5.964829999999999,1.52245320165259,1.8212,6.9964,0.0064310455,0.01479092757512331,1e-05,0.044965,0.00456131,0.0005636797779866784,0.0035547,0.0053059,219.2352635536721,0.16999353501993772,0.06378774828590444,0.12842956050285145,0.3431543332815474,332,260,307,367,674,91,55,0,1088,10,0,0,8.65114356572058,0.0213717914077276,0.00971893814997261,51.3567612687813,31395.0,79.097,35.5129999999999,184576.2,2,30,30,1,53,0,153,5,112,0,0,7.1557719054242,0.0349840810419681,0.00689869753979739,60.365,5145.0,24.174,4.767,43462.8,326,498,519,298,1858,302,643,119,1512,15,254,9,11.7613739468568,0.0244336470900173,0.00835894708854026,61.130802014723,90739.0,184.303,62.8759999999998,473335.800000001,2918,2889,2699,321,4709,465,2284,290,4026,26,979,30,9.70770042591685,0.0261888554216868,0.00710392523364496,61.7206399340841,257555.0,695.576000000001,190.030000000003,1797798.8,29449,3,8,7,1,1,0,27,0,8,0,27,0,3.52048192771084,0.025472049689441,0.00725925925925926,73.1214285714286,584.4,4.101,1.176,12284.4,7,31,30,1,279,1,139,26,42,0,87,0,12.1532212885154,0.0320869565217391,0.00664399421128799,73.2225,8677.4,22.14,4.591,52720.2
E6C77,C,F,1240,3,4.47,4,-0.848727744274312,0.22547644,0.00023269,4.0,3.114876,29.642859999999995,0.598230951686349,29.1487,30.9792,0.235975,0.0047955355395525,0.23074,0.24339,5.455209999999999,0.38061874902730575,4.802,5.9479,1e-05,0.0,1e-05,1e-05,0.00234527,3.288262121208981e-05,0.0023022,0.0024143,426.39013844887796,0.35640282690144137,0.022036281203883772,0.3357752095606807,0.40633775660459936,332,260,307,367,674,91,55,0,1088,10,0,0,8.65114356572058,0.0213717914077276,0.00971893814997261,51.3567612687813,31395.0,79.097,35.5129999999999,184576.2,2,30,30,1,53,0,153,5,112,0,0,7.1557719054242,0.0349840810419681,0.00689869753979739,60.365,5145.0,24.174,4.767,43462.8,326,498,519,298,1858,302,643,119,1512,15,254,9,11.7613739468568,0.0244336470900173,0.00835894708854026,61.130802014723,90739.0,184.303,62.8759999999998,473335.800000001,2919,2902,2712,321,5080,468,2346,297,4055,26,1022,30,9.9424260487296,0.026223612197029,0.00710654737698262,61.8292527173914,266874.6,704.340000000001,192.225000000003,1820253.2,29761,0,7,7,0,84,0,39,2,10,0,27,0,13.8733727810651,0.0299382716049383,0.00766666666666667,72.494674556213,2344.6,4.85,1.242,12251.6,7,31,30,1,425,2,125,17,49,0,85,0,15.7095238095238,0.0287,0.00702026049204052,71.955,11216.6,19.803,4.851,51807.6
295C3,C,F,1257,3,4.35,4,-1.15319245711308,0.216439805,0.000223364,4.0,3.390304,25.164109999999997,0.43993355925134386,24.6711,25.7982,0.21040200000000003,0.0031418635658899403,0.20605,0.21569,6.9136299999999995,0.19387911497173235,6.683,7.1946,1.57729e-05,1.3543907580327195e-05,1e-05,5.36e-05,0.00353803,9.013086843276527e-05,0.0034239,0.003732,282.6431658295718,0.136686413024596,0.02274288644879284,0.1151886423837587,0.1852524594478932,332,260,307,367,667,90,57,0,1090,10,0,0,8.60650316891706,0.0213934071872467,0.00973234811165843,51.2771285475793,31233.0,79.177,35.5619999999999,184290.0,2,30,30,1,58,0,157,5,109,0,0,7.33936022253129,0.0352764109985528,0.00683357452966715,60.695,5277.0,24.376,4.722,43700.4,326,498,519,298,1813,301,636,119,1509,15,254,9,11.4072845106935,0.0244311281983296,0.00835695293804837,61.0984889577684,88007.2,184.284,62.8609999999998,473085.600000001,2920,2919,2729,321,5230,468,2421,302,4113,26,1082,32,9.86791074901831,0.0262729541284404,0.007114030612245,62.0108147949612,268890.7,715.938,195.209000000003,1850898.8,30169,0,7,7,0,24,0,21,1,30,0,9,0,5.73609467455621,0.0255185185185185,0.00817901234567902,70.7585798816568,969.4,4.134,1.325,11958.2,2,30,30,0,363,1,140,12,92,0,103,2,13.6264255910987,0.0297076700434153,0.00762083936324167,73.2302357836338,9797.4,20.528,5.26599999999999,52799.0
D7DEA,C,F,1221,3,5.23,5,0.495791003047936,0.285498493,0.000294632,4.5,16.348705,19.549970000000002,0.568521869119092,18.7243,20.4565,0.180396,0.0055285987776691175,0.17246,0.18823,5.3773599999999995,0.24034083760822286,4.9873,5.6732,1.0145999999999999e-05,1.3629053933091254e-07,1e-05,1.0403e-05,0.005922120000000001,0.00025903662460912525,0.0055126,0.006385,168.858449339088,0.27230233886589844,0.022169265841837177,0.23508777762890243,0.30340468793523123,333,260,307,368,648,89,57,0,1092,10,0,0,8.51074972436604,0.0214144825722777,0.00972933771209631,51.2444197049819,30877.0,79.2549999999999,35.5509999999999,184121.2,1,30,30,0,61,0,159,5,109,0,0,7.49305555555556,0.0351577424023155,0.00689290882778582,60.8449375866852,5395.0,24.294,4.763,43869.2,326,498,519,298,1849,302,631,119,1510,15,254,9,11.7303953337654,0.0244287418798887,0.00834977399627756,61.0622239442077,90500.0,184.266,62.8069999999998,472804.800000001,2914,2882,2693,319,4780,467,2259,290,4011,26,962,30,9.81897616611724,0.0261865041819627,0.00710074402525187,61.6925481266819,259132.6,691.926000000002,188.965000000003,1788220.2,29305,0,7,7,0,66,1,25,5,5,0,18,0,10.3112426035503,0.0287530864197531,0.00683950617283951,72.2177514792899,1742.6,4.658,1.108,12204.8,4,30,30,0,284,3,127,26,39,0,76,0,12.9073919107392,0.0318118668596237,0.006205499276411,73.2502080443828,9254.6,21.982,4.288,52813.4
2EA37,C,F,1217,3,4.54,5,-0.584986139100424,0.230804666,0.000238189,4.5,1.662581,18.416739999999997,1.1325353889001044,17.1804,20.4823,0.187844,0.017492188859920054,0.17017,0.21962,5.817119999999999,0.7459834549848348,4.3212,6.6455,0.0005051691,0.0006862857849482969,1.0001e-05,0.0021967,0.00361865,0.000314223385684629,0.0030903,0.0039736,276.3461511889793,0.14485370415423676,0.017317713143392314,0.12584835643116205,0.18332020168252006,332,260,307,368,638,89,63,0,1096,10,0,0,8.47258197850648,0.0214912185895704,0.00973207443897097,51.2910102978013,30747.0,79.5389999999999,35.5609999999999,184288.6,1,30,30,0,61,0,153,5,104,0,0,7.52361111111111,0.0347351664254703,0.00683502170767004,60.6676837725381,5417.0,24.002,4.723,43741.4,326,498,519,298,1840,302,631,119,1511,15,254,9,11.6197018794556,0.0244130982367759,0.00835136931667107,61.0331654397521,89646.0,184.148,62.8189999999998,472579.800000001,2914,2878,2689,319,4578,458,2243,290,4005,26,952,30,9.55153451226469,0.0261704834605599,0.0071024886877829,61.6570093457944,251157.6,689.095000000002,188.358000000003,1781271.0,29209,0,7,7,0,102,1,22,5,5,0,8,0,14.9242603550296,0.0286913580246914,0.00627160493827161,70.8863905325444,2522.2,4.648,1.016,11979.8,5,30,30,0,206,3,117,26,38,0,66,0,10.3832402234637,0.0314616497829233,0.00595658465991317,72.8732316227462,7434.4,21.74,4.116,52541.6
2EF34,C,M,1280,4,6.75,7,0.887902427564092,0.418938653,0.000432341,4.5,8.835076,24.59265,0.627494115510257,23.8974,25.7307,0.195928,0.011243258523320636,0.18154,0.21522,3.5433600000000007,0.3158113121610575,2.796,3.9173,1.1424299999999998e-05,2.3911438476177045e-06,1e-05,1.7323e-05,0.00508663,0.0004495553162107343,0.0045395,0.0056242,196.59381555175037,0.18176398640292873,0.042217785840586684,0.14042919768539106,0.2481457778395325,332,260,307,368,638,89,63,0,1096,10,0,0,8.47258197850648,0.0214912185895704,0.00973207443897097,51.2910102978013,30747.0,79.5389999999999,35.5609999999999,184288.6,1,30,30,0,61,0,153,5,104,0,0,7.52361111111111,0.0347351664254703,0.00683502170767004,60.6676837725381,5417.0,24.002,4.723,43741.4,326,498,519,298,1849,302,631,119,1511,15,254,9,11.7187297472456,0.0244130982367759,0.00835136931667107,61.0331654397521,90410.0,184.148,62.8189999999998,472579.800000001,2928,2961,2770,321,5584,470,2456,308,4248,28,1128,32,10.1096535098766,0.0262048991354467,0.00715083539050492,62.1283289473685,280977.6,727.448,199.873000000003,1888701.2,30721,2,15,15,1,9,0,2,0,30,0,0,0,6.04550898203593,0.017538961038961,0.00862987012987014,63.9607142857143,1009.6,2.701,1.329,10745.4,9,49,48,1,271,1,55,6,161,2,51,0,12.5724719101124,0.0238526785714285,0.00868499257057948,68.4275,8951.6,16.029,5.84499999999999,49267.8
D099E,C,M,1277,3,5.0,5,-1.17535148205977,0.266836813,0.000275373,4.5,4.373738,22.725569999999998,1.242214445657432,21.5201,24.908,0.19512100000000002,0.018693810889049766,0.1768,0.22702,3.95105,0.480753309921003,3.1024,4.4269,0.002489327,0.0022967994314750254,1.0238e-05,0.0051819,0.0029527,0.00022365300007923982,0.0025464,0.0031711,338.67307887696006,0.0960956788597327,0.0151348379258871,0.0798900945912441,0.12360545315974232,332,260,307,368,638,89,63,0,1096,10,0,0,8.47258197850648,0.0214912185895704,0.00973207443897097,51.2910102978013,30747.0,79.5389999999999,35.5609999999999,184288.6,1,30,30,0,61,0,153,5,104,0,0,7.52361111111111,0.0347351664254703,0.00683502170767004,60.6676837725381,5417.0,24.002,4.723,43741.4,326,498,519,298,1736,286,631,119,1511,15,254,9,11.178898250162,0.0244130982367759,0.00835136931667107,61.0331654397521,86245.2,184.148,62.8189999999998,472579.800000001,2926,2954,2763,320,5077,397,2456,308,4235,28,1128,32,9.56547271218843,0.026217331648312,0.00714960912285746,62.1165419235716,265183.6,726.089,199.374000000003,1883932.6,30649,3,18,18,0,17,0,2,0,22,0,0,0,8.75060240963855,0.0185695364238411,0.00803973509933775,59.5218934911243,1452.6,2.804,1.214,10059.2,7,45,44,0,329,1,67,7,159,2,55,0,13.9952380952381,0.0249881656804734,0.00865288035450516,69.0235783633842,9992.6,16.892,5.85799999999999,49766.0
2FA4D,C,F,1198,3,4.5,5,-0.524075599337699,0.227754864,0.000235041,4.5,5.447935,14.67664,0.4171642074771038,14.1126,15.3009,0.291811,0.005178319010815943,0.28173,0.30006,0.010395,0.0004428252727907727,0.01,0.011243,1e-05,0.0,1e-05,1e-05,0.00480359,0.00011469789739427062,0.0046321,0.0050512,208.17763381137857,1.5156058673597759,0.017485074702150633,1.4874040229683154,1.5345777065558213,332,256,303,368,627,89,72,0,1097,10,0,0,8.44006613392119,0.0216348178137652,0.00972279934390375,51.381185638742,30629.0,80.1569999999999,35.5659999999999,184612.6,1,30,30,0,63,0,157,5,96,0,0,7.49861111111111,0.035218523878437,0.00658610709117221,60.65520110957,5399.0,24.336,4.551,43732.4,326,498,519,298,1706,286,618,119,1511,15,254,9,11.1883214517174,0.0243145963144638,0.0083606753522999,60.998527702441,86317.9,183.405,62.8889999999998,472311.600000001,2910,2859,2670,319,4383,450,2140,265,3975,26,918,30,9.56932631660411,0.0260176874951727,0.00710915155465255,61.4945136104664,247300.1,673.702000000002,185.428000000003,1748535.0,28753,0,7,7,0,28,2,23,1,16,0,32,0,8.32662721893491,0.0282530864197531,0.00608641975308642,77.0852071005917,1407.2,4.577,0.986,13027.4,1,30,30,0,217,3,100,6,44,0,112,10,11.7336111111111,0.0284978292329956,0.00574819102749638,75.9988904299584,8448.2,19.692,3.972,54795.2
30F7C,C,F,1213,3,3.87,4,-1.6336730760598,0.181556701,0.000187365,4.0,1.221319,22.925179999999997,1.2632125384642656,20.6072,24.648,0.20270200000000002,0.01859524240229204,0.17571,0.23054,7.30372,0.9326828254497282,6.0143,8.8464,6.86943e-05,5.744121996354186e-05,1e-05,0.0001985,0.00300048,0.0002159251042993071,0.0027241,0.0033067,333.28000853196824,0.16803683696674962,0.020946915894003094,0.14763948421160367,0.20962863728950698,332,256,303,368,616,89,83,5,1092,10,0,0,8.39625241113254,0.0218564102564102,0.00969163477310003,51.4713609796827,30470.0,80.9779999999999,35.4519999999999,184936.6,19,48,48,18,61,0,146,0,95,0,0,7.42165242165242,0.0348053491827637,0.00657206537890044,60.3365576102418,5210.0,23.424,4.423,42416.6,309,481,502,281,1828,302,618,119,1511,15,254,9,11.4889291257113,0.0243006613756614,0.0083554848123093,60.9902061855671,88832.4,183.713,62.9919999999998,473284.0,2914,2874,2685,319,4654,460,2219,285,3994,26,949,30,9.69739303026833,0.0261424978086056,0.00710023459966712,61.6292352573453,254062.0,685.953000000002,187.645000000003,1774552.2,29113,3,7,7,0,55,0,26,7,5,0,6,0,11.2506024096386,0.030037037037037,0.00593827160493827,70.684023668639,1867.6,4.866,0.962,11945.6,5,30,30,0,229,2,113,26,36,0,63,0,12.3569832402235,0.0311852387843705,0.00575253256150507,72.8557558945909,8847.6,21.549,3.975,52529.0
AA5EE,C,F,1201,3,4.16,4,-1.08936029020429,0.202387235,0.000208862,4.5,8.327479,15.62645,2.5549759456358445,13.3001,20.5046,0.15080000000000002,0.029956229921522352,0.12569,0.20681,7.05385,0.8606511259247592,5.3888,8.0571,0.0131061638,0.009813835631622834,1.097e-05,0.025468,0.00311633,0.0001619570865658211,0.0028077,0.0032713,320.8902779872478,0.11337320292779389,0.0052244093823961505,0.10143488045394906,0.1206463776354175,332,256,303,368,616,89,83,5,1092,10,0,0,8.39625241113254,0.0218564102564102,0.00969163477310003,51.4713609796827,30470.0,80.9779999999999,35.4519999999999,184936.6,19,48,48,18,61,0,146,0,95,0,0,7.42165242165242,0.0348053491827637,0.00657206537890044,60.3365576102418,5210.0,23.424,4.423,42416.6,309,481,502,281,1844,302,618,119,1511,15,254,9,11.6740817382307,0.0243006613756614,0.0083554848123093,60.9902061855671,90264.0,183.713,62.9919999999998,473284.0,2911,2862,2673,319,4555,452,2158,272,3982,26,934,30,9.71112911939492,0.0260405577167508,0.00711215203426134,61.5306461797517,251654.2,676.091000000002,185.997000000003,1753992.6,28825,1,7,7,0,66,0,36,12,9,0,25,0,13.2642857142857,0.0340987654320988,0.00680246913580247,74.4437869822485,2228.4,5.524,1.102,12581.0,2,30,30,0,233,3,117,18,51,0,123,10,12.6083449235049,0.0299623733719247,0.00606801736613604,76.3883495145631,9065.4,20.704,4.193,55076.0
9F395,C,F,1197,3,6.02,6,1.92136372924332,0.35272433,0.000364009,4.5,16.624764,20.942419999999995,0.4206086853860989,20.2206,21.5046,0.271309,0.004756790351113284,0.26487,0.27898,0.0103546,0.0009810590875851124,0.01,0.013137,1e-05,0.0,1e-05,1e-05,0.00229419,9.234330210927293e-05,0.0022193,0.0024999,435.8836887964815,1.7697792804773769,0.025311403844424738,1.7318103108184204,1.813868564886992,332,256,303,368,608,88,89,5,1086,10,0,0,8.35326536235878,0.0219935222672065,0.00966211044286493,51.4408015585861,30314.0,81.4859999999999,35.3439999999999,184826.8,43,71,71,42,60,0,140,0,95,0,0,7.46165191740413,0.0347061538461538,0.00664923076923077,60.4765832106038,5059.0,22.559,4.322,41063.6,285,458,479,257,1817,302,618,119,1511,15,254,9,11.481678700361,0.0243536858763023,0.00833298069293835,60.9623329907503,89051.9,184.674,63.0139999999998,474530.800000001,2910,2858,2669,319,4480,466,2127,260,3974,26,918,30,9.6146132692978,0.0259922306830042,0.00711105141980056,61.5005491024288,248239.7,672.445000000002,185.314000000003,1747230.6,28729,0,7,7,0,27,2,27,1,16,0,32,0,7.42485207100592,0.0296296296296296,0.0062962962962963,76.8295857988166,1254.8,4.8,1.02,12984.2,1,30,30,0,200,3,98,6,44,0,112,10,11.2330555555556,0.0283748191027496,0.00576700434153401,75.9439667128987,8087.8,19.607,3.985,54755.6
44160,C,F,1197,3,5.46,5,1.02283798395166,0.304577763,0.000314322,4.5,17.165255,23.466150000000003,1.04650762724831,22.4025,25.0584,0.262784,0.012894325366868424,0.25041,0.28153,0.009999999999999998,1.828559098217032e-18,0.01,0.01,1e-05,0.0,1e-05,1e-05,0.00219998,6.100571557922529e-05,0.0021255,0.0023274,454.5495868144256,1.814399577350678,0.08448005472491726,1.7429981796962977,1.9533958947954078,332,256,303,368,608,88,89,5,1086,10,0,0,8.35326536235878,0.0219935222672065,0.00966211044286493,51.4408015585861,30314.0,81.4859999999999,35.3439999999999,184826.8,43,71,71,42,60,0,140,0,95,0,0,7.46165191740413,0.0347061538461538,0.00664923076923077,60.4765832106038,5059.0,22.559,4.322,41063.6,285,458,479,257,1721,241,618,119,1511,15,254,9,11.0073104693141,0.0243536858763023,0.00833298069293835,60.9623329907503,85372.7,184.674,63.0139999999998,474530.800000001,2910,2858,2669,319,4299,404,2127,260,3974,26,918,30,9.29667686587397,0.0259922306830042,0.00711105141980056,61.5005491024288,240030.9,672.445000000002,185.314000000003,1747230.6,28729,0,7,7,0,27,2,27,1,16,0,32,0,7.42485207100592,0.0296296296296296,0.0062962962962963,76.8295857988166,1254.8,4.8,1.02,12984.2,1,30,30,0,200,3,98,6,44,0,112,10,11.2330555555556,0.0283748191027496,0.00576700434153401,75.9439667128987,8087.8,19.607,3.985,54755.6
D038B,C,M,1287,4,6.75,7,0.846388621267224,0.418938653,0.000432341,4.5,32.0,21.33453,0.3353798577732421,20.7323,21.7319,0.208237,0.0054809489243297154,0.19725,0.21677,2.6251,0.4272701227300802,2.0865,3.2839,0.006516870000000001,0.00278176144158497,0.0011966,0.0099988,0.00960596,0.0012282837829897272,0.008315,0.011248,104.10203665224506,0.13323608098618514,0.016174756614657976,0.11496403348900625,0.15705912601829444,332,255,303,368,599,88,104,5,1070,10,0,0,8.27638467897492,0.0222752293577982,0.00957517769272824,51.3801836905093,30035.0,82.5519999999999,35.0259999999999,184609.0,57,84,84,56,60,0,133,4,102,11,0,7.55421686746988,0.0338775510204081,0.00693406593406593,61.8881203007519,5016.0,21.58,4.417,41155.6,270,444,465,242,1848,302,613,115,1508,15,243,9,11.6406511388496,0.0243643543504015,0.00831573389651529,60.8223874855751,90459.5,185.096,62.9999999999999,474353.800000001,2930,2972,2781,321,5696,469,2430,303,4301,28,1128,32,10.045269859437,0.0261074972239137,0.00717539490536514,62.17373069877,280855.7,728.843,201.686000000003,1900526.6,30889,1,14,14,0,74,0,5,0,36,0,0,0,11.6642857142857,0.0210387096774194,0.00943225806451613,64.4852071005917,1959.6,3.261,1.462,10898.0,11,53,52,1,257,1,35,1,139,1,12,0,12.7783098591549,0.0228892215568862,0.00858146487294468,65.765,9072.6,15.29,5.74099999999999,47350.8
353C8,C,M,1232,3,6.27,6,0.601767465240279,0.374970215,0.000386966,4.5,1.966005,24.58493,0.5995153580647924,23.8361,25.5589,0.21233300000000002,0.008356518480271023,0.20091,0.22337,3.0640699999999996,0.20748817396018832,2.7956,3.3677,1.0563e-05,6.309882900832807e-07,1.0002e-05,1.1803e-05,0.0035959700000000004,6.839715799813774e-05,0.0035076,0.0037129,278.0890830568664,0.23920506555721838,0.027150573248696568,0.21181489976658177,0.29196857416731725,332,255,303,368,599,88,104,5,1070,10,0,0,8.27638467897492,0.0222752293577982,0.00957517769272824,51.3801836905093,30035.0,82.5519999999999,35.0259999999999,184609.0,57,84,84,56,60,0,133,4,102,11,0,7.55421686746988,0.0338775510204081,0.00693406593406593,61.8881203007519,5016.0,21.58,4.417,41155.6,270,444,465,242,1827,302,613,115,1508,15,243,9,11.6131128554884,0.0243643543504015,0.00831573389651529,60.8223874855751,90245.5,185.096,62.9999999999999,474353.800000001,2918,2894,2704,320,5052,468,2291,292,4030,26,1022,30,9.9565907470639,0.0261370196813496,0.00711092499534721,61.8330814728709,265353.1,697.205000000001,191.035000000003,1808555.8,29569,0,7,7,0,84,0,39,2,10,0,27,0,13.8733727810651,0.0299382716049383,0.00766666666666667,72.494674556213,2344.6,4.85,1.242,12251.6,7,31,30,1,425,2,125,17,49,0,85,0,15.7095238095238,0.0287,0.00702026049204052,71.955,11216.6,19.803,4.851,51807.6
1C5D9,C,F,1211,3,5.26,5,0.609763653010733,0.287963606,0.000297176,4.5,3.210844,25.022789999999997,0.4288885388743535,24.2384,25.5495,0.20769,0.013691303809352852,0.192,0.22833,4.940289999999999,0.5062296919383531,4.069,5.5239,2.8310300000000006e-05,3.151891056722051e-05,1e-05,0.00011103,0.00355553,0.00020879664242724047,0.0032275,0.003782,281.2520214989045,0.1522672418473055,0.012119232309660354,0.137944026262192,0.16913854678945808,332,255,303,368,597,88,109,5,1077,10,0,0,8.26315789473684,0.0223194819212088,0.00960415527610713,51.3967158363485,29987.0,82.716,35.1319999999999,184668.4,57,84,84,56,60,0,135,6,97,19,0,7.56174698795181,0.0338681318681318,0.00678649921507065,62.5052631578947,5021.0,21.574,4.323,41566.0,270,444,465,242,1847,302,607,113,1510,15,235,9,11.6036546133059,0.0243309201000395,0.00831995776135162,60.7570714194128,90172.0,184.842,63.0319999999999,473844.400000001,2914,2872,2683,319,4766,466,2197,285,3984,26,952,30,9.81246606248327,0.0260993013400528,0.00710347964521275,61.6557921102067,256605.8,683.619000000002,187.404000000003,1772357.4,29065,0,7,7,0,102,1,22,5,5,0,8,0,14.9242603550296,0.0286913580246914,0.00627160493827161,70.8863905325444,2522.2,4.648,1.016,11979.8,5,30,30,0,292,3,117,26,38,0,66,0,13.5128491620112,0.0314616497829233,0.00595658465991317,72.8732316227462,9675.2,21.74,4.116,52541.6
B0279,C,M,1249,3,5.67,6,-0.21255310693004,0.322355161,0.000332668,4.5,4.180976,20.08282,0.5420720345735117,19.5184,20.9977,0.18785200000000002,0.01165759437734333,0.17642,0.20791,4.58458,0.3243961802761829,3.9004,4.9974,0.0010658748,0.001212657184999106,1e-05,0.0031332,0.0044396,0.00021464570808660486,0.0041196,0.0047541,225.24551761419946,0.06682001190400255,0.017742127637075857,0.05126987843301241,0.10523322922803907,332,255,303,368,597,88,109,5,1077,10,0,0,8.26315789473684,0.0223194819212088,0.00960415527610713,51.3967158363485,29987.0,82.716,35.1319999999999,184668.4,57,84,84,56,60,0,135,6,97,19,0,7.56174698795181,0.0338681318681318,0.00678649921507065,62.5052631578947,5021.0,21.574,4.323,41566.0,270,444,465,242,1848,302,607,113,1510,15,235,9,11.6367906318363,0.0243309201000395,0.00831995776135162,60.7570714194128,90429.5,184.842,63.0319999999999,473844.400000001,2919,2911,2721,320,5290,469,2364,297,4085,26,1082,32,10.0195468992535,0.0261838468927806,0.00711663486938666,62.0067167953603,271108.9,708.692000000001,193.971000000003,1838933.2,29977,0,7,7,0,24,0,21,1,30,0,9,0,5.73609467455621,0.0255185185185185,0.00817901234567902,70.7585798816568,969.4,4.134,1.325,11958.2,2,30,30,0,363,1,140,12,92,0,103,2,13.6264255910987,0.0297076700434153,0.00762083936324167,73.2302357836338,9797.4,20.528,5.26599999999999,52799.0
B5B44,C,M,1237,3,7.0,7,1.44020802922971,0.442477096,0.000456633,5.0,8.134296,14.377560000000003,1.843209217762445,12.2724,17.2191,0.133546,0.027189815168347304,0.10576,0.17674,3.9462200000000003,0.6842178938190834,2.8324,4.7266,0.0009027738,0.0013859556671016893,1e-05,0.00341,0.0063554000000000015,0.0012115807149706904,0.0046357,0.0080189,157.34650848097678,0.16075225300747115,0.014262475323328607,0.14420485847844644,0.18665239610575574,332,255,303,368,597,88,109,5,1077,10,0,0,8.26051253788923,0.0223194819212088,0.00960415527610713,51.3967158363485,29977.4,82.716,35.1319999999999,184668.4,57,84,84,56,51,0,135,6,97,19,0,6.85090361445783,0.0338681318681318,0.00678649921507065,62.5052631578947,4549.0,21.574,4.323,41566.0,270,444,465,242,1737,287,607,113,1510,15,235,9,11.2391584094711,0.0243309201000395,0.00831995776135162,60.7570714194128,87339.4999999999,184.842,63.0319999999999,473844.400000001,2919,2899,2709,320,4850,445,2319,294,4040,26,1048,30,9.61218901755696,0.0261591638671146,0.00710863602668654,61.8940719806599,257318.3,700.804000000001,191.791000000003,1817767.0,29689,1,7,7,0,114,1,38,2,19,0,26,0,15.727380952381,0.0312530864197531,0.00733333333333334,73.6130177514793,2642.2,5.063,1.188,12440.6,5,31,30,1,478,3,137,14,60,0,104,0,16.4374301675978,0.028959420289855,0.00728943560057887,72.6775,11769.2,19.982,5.037,52327.8
57644,C,M,1273,3,5.51,6,-0.545153177972465,0.308779813,0.000318658,5.0,0.513901,21.314,1.232085466912818,20.1304,23.2482,0.185078,0.01904881261974673,0.16625,0.21509,3.6350299999999995,0.7386636041603182,2.53,4.4169,3.32073e-05,6.44377872922575e-05,1e-05,0.00021518,0.004354330000000001,0.00021817659030142422,0.0040056,0.0047268,229.6564569061141,0.10803539165215978,0.025324078574108157,0.08608846077448898,0.15471811874428043,332,255,303,368,597,88,109,5,1077,10,0,0,8.26315789473684,0.0223194819212088,0.00960415527610713,51.3967158363485,29987.0,82.716,35.1319999999999,184668.4,57,84,84,56,60,0,135,6,97,19,0,7.56174698795181,0.0338681318681318,0.00678649921507065,62.5052631578947,5021.0,21.574,4.323,41566.0,270,444,465,242,1848,302,607,113,1510,15,235,9,11.6422596834384,0.0243309201000395,0.00831995776135162,60.7570714194128,90472.0,184.842,63.0319999999999,473844.400000001,2927,2952,2761,320,5578,470,2410,303,4219,28,1128,32,10.1324332150872,0.0261401398500054,0.00714957541738641,62.1255449343433,279918.6,721.494,198.701000000003,1878241.6,30553,1,14,14,0,9,0,2,0,25,0,0,0,6.62857142857143,0.017,0.00824516129032258,62.0568047337278,1113.6,2.635,1.278,10487.6,8,47,46,0,288,1,62,7,158,2,55,0,12.9994389901823,0.0241824925816023,0.00864888888888888,68.709015256588,9268.6,16.299,5.83799999999999,49539.2
90FA4,C,M,1262,3,5.31,5,-0.71775097275098,0.292087859,0.000301432,4.5,2.469697,24.81731,0.6130280570885621,24.0293,25.8113,0.20036800000000002,0.008340082333726292,0.18916,0.21418,3.5805599999999997,0.2729937410759936,3.1504,4.0462,2.02776e-05,1.729707761572586e-05,1.0038e-05,5.5189e-05,0.0037076899999999996,5.154642890960863e-05,0.003659,0.0037896,269.70971143757976,0.12869557852087854,0.021866882046164392,0.10581490405793406,0.17227975807774132,331,255,302,368,593,88,115,5,1053,9,0,0,8.2534435261708,0.0226198057204533,0.00948920470073788,51.3536320623435,29960.0,83.8289999999999,34.7209999999999,184513.6,57,84,84,56,52,0,135,6,95,25,0,7.32530120481928,0.0330235478806907,0.00680376766091052,63.5906766917293,4864.0,21.036,4.334,42287.8,270,444,465,242,1847,302,612,113,1515,15,229,9,11.6274610732209,0.0243357904435962,0.0083285374868004,60.7358379279396,90357.0,184.879,63.0969999999999,473678.800000001,2923,2928,2737,320,5333,466,2402,303,4189,28,1128,32,9.33641745231307,0.0261682687036293,0.0071491361788619,62.1405252093831,255500.4,715.990000000001,196.973000000003,1862289.4,30289,4,11,10,0,51,1,18,1,33,1,12,0,12.0133333333333,0.0288607594936709,0.00842767295597485,69.3633136094675,1982.2,4.56,1.34,11722.4,4,34,33,0,411,2,105,9,160,2,90,2,15.4619246861925,0.0278500727802038,0.00857994186046511,72.8732316227462,11086.2,19.133,5.90299999999999,52541.6
6752F,C,M,1269,3,4.18,4,-2.10302561402508,0.203851542,0.000210373,4.0,32.0,25.197409999999998,0.7687760249614675,24.3668,26.1352,0.21689800000000004,0.0052973364376196945,0.21093,0.22508,7.36127,0.38391900780705773,6.6792,7.8933,0.0047121992,0.004011267457445722,1.0007e-05,0.010245,0.00394978,0.00022943074384707506,0.0037056,0.0044074,253.17865805184087,0.09305605973843753,0.015588459304981336,0.07761668736033153,0.11848461869725434,331,255,302,368,575,88,122,5,1040,8,0,0,7.93829201101928,0.0227736103615758,0.00942115332057936,51.2759810743112,28816.0,84.3989999999999,34.4719999999999,184234.6,58,86,86,56,56,0,131,6,93,25,0,7.57315233785822,0.0328,0.0067511811023622,64.3648120300752,5021.0,20.828,4.287,42802.6,270,442,463,242,1843,302,617,113,1520,15,233,9,11.6311928966671,0.0243493880773786,0.00834362628661914,60.7577638158739,90386.0,185.031,63.2279999999999,473849.800000001,2926,2947,2756,320,5410,459,2397,303,4209,28,1128,32,9.98095964549054,0.0261117048346056,0.00715382116169102,62.1422503898863,274785.8,718.333,198.168000000003,1872781.0,30457,0,14,14,0,9,0,2,0,22,0,0,0,7.40355029585799,0.0179354838709677,0.00788387096774194,60.7254437869823,1251.2,2.78,1.222,10262.6,7,46,45,0,312,1,67,7,159,2,55,0,13.5478991596639,0.0244281481481481,0.00870118343195265,68.9037447988904,9673.2,16.489,5.88199999999999,49679.6
D8182,C,F,1184,3,5.49,5,1.15656183656825,0.307096681,0.000316921,4.5,23.630755,11.689359999999997,0.17198475513835543,11.4232,11.9814,0.22289600000000004,0.0019909472898876793,0.21972,0.2256,0.0100187,2.518398962303865e-05,0.01,0.010065,1e-05,0.0,1e-05,1e-05,0.00740587,0.0002058868084382506,0.0070636,0.0077788,135.02802506660257,1.3529780877145385,0.013509206493886886,1.3363237313835792,1.3752470058799668,331,255,302,368,574,88,126,5,1036,8,0,0,8.15123966942149,0.0228923367512142,0.00940038261820166,51.2454216532146,29589.0,84.8389999999999,34.3959999999999,184124.8,58,86,86,56,65,1,129,6,86,25,0,7.90196078431373,0.0331874015748031,0.00648976377952756,65.0415037593985,5239.0,21.074,4.121,43252.6,270,442,463,242,1835,301,623,118,1527,15,238,9,11.6131128554884,0.024333070140808,0.00836539984164685,60.7875368637006,90245.5,184.907,63.3929999999999,474082.000000001,2910,2845,2656,319,4463,462,2068,259,3939,26,892,30,9.69287646528404,0.0258920303456907,0.0071206086720237,61.4593209481102,247236.2,662.111000000003,183.434000000002,1726884.0,28417,1,7,7,0,6,0,5,0,5,0,6,0,4.23333333333333,0.0228148148148148,0.00437037037037037,71.6852071005917,711.2,3.696,0.708,12114.8,1,30,30,0,243,2,115,10,50,0,118,15,11.6488888888889,0.0295282199710564,0.00594645441389291,76.6754507628294,8387.2,20.404,4.109,55283.0
8DA67,C,M,1274,3,7.75,8,2.11265457061509,0.515624234,0.00053212,5.0,3.69253,16.02534,0.4844839871221521,15.3102,16.7931,0.12979400000000002,0.010071553118671531,0.1172,0.14418,3.37939,0.31934325819649856,2.855,3.9402,0.0030566900000000004,0.0007979837445434309,0.0015134,0.0039922,0.006794510000000001,0.0006938951961371559,0.0059384,0.0078995,147.1776478362678,0.1609821888670679,0.026492743686132216,0.1147072319312994,0.19156803521638172,331,255,302,368,573,88,130,5,1031,7,0,0,8.133608815427,0.0230080949811117,0.00935474173271382,51.2313943779571,29525.0,85.2679999999999,34.2289999999999,184074.4,58,86,86,56,75,3,125,6,80,25,0,8.25188536953243,0.0333464566929134,0.00626614173228347,65.5070676691729,5471.0,21.175,3.979,43562.2,270,442,463,242,1827,299,631,118,1533,15,242,9,11.5941320293399,0.0243063560994868,0.00838440221694377,60.805077574048,90098.0,184.704,63.5369999999999,474218.800000001,2929,2952,2761,321,5658,470,2399,303,4238,28,1128,32,10.1849320023148,0.0260840180995475,0.00716206499856209,62.1969989423586,281593.0,720.571,199.220000000003,1881832.4,30577,3,7,7,1,81,0,10,0,42,0,0,0,13.1265060240964,0.0237098765432099,0.00887654320987655,68.9,2179.0,3.841,1.438,11575.2,10,46,45,1,268,1,56,6,172,2,46,0,13.1912798874824,0.0239718518518518,0.008896449704142,68.475,9379.0,16.181,6.01399999999999,49302.0
B2B45,C,M,1259,3,5.64,6,-0.30753361091232,0.319794914,0.000330026,5.0,4.015064,17.2468,0.9306424471538165,15.7149,18.4928,0.151984,0.013095743328781814,0.13101,0.17034,3.0464700000000002,0.24223639991637183,2.6799,3.4147,0.0035618156999999997,0.0041001740142290995,1.0002e-05,0.0097189,0.0048070000000000005,0.0004770548046783164,0.0043138,0.0059462,208.02995631370916,0.10454126266787214,0.00857340622519699,0.09196856784026824,0.11858059623278272,331,255,302,368,567,88,137,5,1027,7,0,0,8.08953168044077,0.0231378845116028,0.00932495217272476,51.2268856109101,29365.0,85.7489999999999,34.1199999999999,184058.2,58,86,86,56,76,3,118,6,77,25,0,8.25942684766214,0.0331779527559055,0.00617007874015748,65.9184962406015,5476.0,21.068,3.918,43835.8,270,442,463,242,1827,299,631,118,1533,15,242,9,11.5606743018916,0.0242931964732202,0.00838875692794931,60.790998846006,89838.0,184.604,63.5699999999999,474109.000000001,2926,2930,2739,320,4407,450,2380,303,4171,28,1128,32,9.07749807628888,0.0261332502656943,0.00714888274255779,62.1746395959461,247734.0,713.098000000001,196.437000000003,1858835.2,30217,7,16,15,0,0,0,13,1,25,0,12,0,2.5283950617284,0.0293660130718954,0.00740259740259741,67.5100591715976,409.6,4.493,1.14,11409.2,7,39,38,0,0,0,100,9,160,2,87,2,3.10840336134454,0.027649560117302,0.00862957540263542,72.493758668516,2219.4,18.857,5.89399999999999,52268.0
3469C,C,M,1261,3,4.9,5,-1.19937967000372,0.258855656,0.000267137,4.5,19.110048,18.58985,0.16258587645371367,18.356,18.9417,0.186264,0.003403286646757816,0.18066,0.19198,4.0211500000000004,0.15005964925100065,3.846,4.3464,0.00897512,0.002306699622982296,0.0035364,0.011379,0.00485512,0.00014611706722122975,0.0046656,0.0050884,205.9681326105225,0.09319751959616827,0.006652472410485391,0.08721872574297185,0.10972556560021827,331,255,302,368,567,88,137,5,1027,7,0,0,8.08953168044077,0.0231378845116028,0.00932495217272476,51.2268856109101,29365.0,85.7489999999999,34.1199999999999,184058.2,58,86,86,56,76,3,118,6,77,25,0,8.25942684766214,0.0331779527559055,0.00617007874015748,65.9184962406015,5476.0,21.068,3.918,43835.8,270,442,463,242,1806,299,631,118,1533,15,242,9,11.568845708403,0.0242931964732202,0.00838875692794931,60.790998846006,89901.5,184.604,63.5699999999999,474109.000000001,2926,2934,2743,320,3830,422,2380,303,4176,28,1128,32,8.20268846702512,0.0261267425268011,0.00714799069835052,62.1632993822008,224253.3,714.070000000001,196.727000000003,1861480.0,30265,5,18,17,0,0,0,0,0,10,0,0,0,1.95609756097561,0.0259668874172186,0.00596052631578948,61.2366863905325,320.8,3.921,0.906,10349.0,7,41,40,0,0,0,89,9,158,2,80,2,3.00672268907563,0.0271647058823529,0.00856240822320116,71.2729542302358,2146.8,18.472,5.83099999999999,51387.8
A5871,C,M,1268,3,5.97,6,0.0315172258459932,0.348330055,0.000359474,4.5,32.0,25.34157,0.39256622668453406,24.8636,25.9603,0.25679399999999997,0.006111608626212907,0.24845,0.26513,4.128369999999999,0.15724588706862896,3.867,4.3507,1.2337900000000001e-05,3.987888816292539e-06,1e-05,2.0497e-05,0.0043444700000000004,0.0002721852720727801,0.0041005,0.0049761,230.17767414667378,0.18888368160601518,0.01470633884168205,0.17130820738378677,0.21148676205462,331,255,302,368,567,88,137,5,1027,7,0,0,8.08953168044077,0.0231378845116028,0.00932495217272476,51.2268856109101,29365.0,85.7489999999999,34.1199999999999,184058.2,58,86,86,56,76,3,118,6,77,25,0,8.25942684766214,0.0331779527559055,0.00617007874015748,65.9184962406015,5476.0,21.068,3.918,43835.8,270,442,463,242,1827,299,631,118,1533,15,242,9,11.6018530433664,0.0242931964732202,0.00838875692794931,60.790998846006,90158.0,184.604,63.5699999999999,474109.000000001,2928,2949,2758,321,5569,470,2382,303,4206,28,1128,32,10.1437774950009,0.0260794280308543,0.00715616982836506,62.1737911795962,279004.6,716.767000000001,198.047000000003,1872177.2,30433,2,15,15,1,9,0,2,0,30,0,0,0,6.04550898203593,0.017538961038961,0.00862987012987014,63.9607142857143,1009.6,2.701,1.329,10745.4,9,49,48,1,271,1,55,6,161,2,51,0,12.5724719101124,0.0238526785714285,0.00868499257057948,68.4275,8951.6,16.029,5.84499999999999,49267.8
22A53,C,F,1216,3,5.25,5,0.560799879326582,0.287141114,0.000296327,4.5,5.706122,17.57254,0.4949035106855569,16.8721,18.3799,0.183564,0.0072405757904863985,0.17294,0.19436,5.1384099999999995,0.3318396582353862,4.6842,5.6207,1.73389e-05,1.1692833051346739e-05,1e-05,4.806e-05,0.00431095,0.00024289485722564543,0.0039284,0.0046388,231.96743177257912,0.14158969874793112,0.013548484708151965,0.12573699731048232,0.16713130049768826,331,255,302,368,567,88,137,5,1027,7,0,0,8.08953168044077,0.0231378845116028,0.00932495217272476,51.2268856109101,29365.0,85.7489999999999,34.1199999999999,184058.2,58,86,86,56,76,3,118,6,77,25,0,8.25942684766214,0.0331779527559055,0.00617007874015748,65.9184962406015,5476.0,21.068,3.918,43835.8,270,442,463,242,1827,299,631,118,1533,15,242,9,11.6018530433664,0.0242931964732202,0.00838875692794931,60.790998846006,90158.0,184.604,63.5699999999999,474109.000000001,2918,2878,2688,320,4862,468,2202,285,3977,26,981,30,9.86564129896829,0.0260279013190406,0.00710299279163689,61.7873965009528,259140.8,684.716000000002,188.208000000003,1783493.2,29185,4,8,7,1,85,0,20,0,8,0,16,0,13.8557575757576,0.0242732919254658,0.00641975308641976,70.0035714285714,2286.2,3.908,1.04,11760.6,8,31,30,1,376,2,127,25,36,0,63,0,14.34698457223,0.0311927536231884,0.00647322720694645,71.6825,10229.4,21.523,4.473,51611.4
55BFB,C,M,1243,3,6.53,7,0.845715392849445,0.398584067,0.000411335,4.5,9.010039,23.66995,0.89413261413879,22.6493,24.9395,0.206617,0.015430247387661829,0.1876,0.2277,3.2111899999999998,0.5097199349751893,2.5035,3.9007,1.05675e-05,1.7041479624075423e-06,1e-05,1.5417e-05,0.005862649999999999,0.00021564675977162276,0.005542,0.0061881,170.5713286653647,0.15926526315009043,0.02677579692242799,0.13100045900538873,0.19972524168336475,331,255,302,368,566,88,143,5,1029,7,0,0,8.07190082644628,0.0232018348623853,0.00934135009565452,51.2123573615363,29301.0,85.9859999999999,34.1799999999999,184006.0,58,86,86,56,79,3,112,6,75,25,0,8.26636500754148,0.0330472440944882,0.00610078740157481,65.9780451127819,5480.6,20.985,3.874,43875.4,270,442,463,242,1526,212,631,118,1533,15,242,9,10.2411401364046,0.0242967495723122,0.00839258379519661,60.788460058982,79583.9,184.631,63.5989999999999,474089.200000001,2919,2905,2715,320,4961,382,2336,297,4076,27,1088,32,9.61596938396374,0.026117201426025,0.00712884431005247,62.0697523125403,258804.2,703.284000000001,193.320000000003,1831864.6,29833,0,7,7,0,0,0,22,1,38,1,15,0,3.47100591715976,0.0254567901234568,0.00898148148148149,71.5360946745562,586.6,4.124,1.455,12089.6,2,30,30,0,350,1,146,12,106,1,109,2,13.2456189151599,0.0298451519536903,0.00798408104196815,73.5947295423024,9523.6,20.623,5.51699999999999,53061.8
92BC0,C,F,1210,3,6.82,7,3.11938339196973,0.425485951,0.000439098,4.5,8.431637,18.04435,1.0292670836301159,16.8169,20.2242,0.16554,0.018904785990148987,0.14601,0.2045,4.52166,0.4988359142376712,3.6621,5.2376,0.0011769706,0.0012454050024423738,1.006e-05,0.0033635,0.005048190000000001,0.0003430449936475777,0.0044304,0.0055592,198.09080086129876,0.14125906940775118,0.01867103770720661,0.12533138569037347,0.18372826585997848,331,255,302,368,565,88,150,5,1021,7,0,0,8.06198347107438,0.023332973556395,0.00932085269199232,51.2609518508211,29265.0,86.4719999999999,34.1049999999999,184180.6,58,86,86,56,81,3,110,6,70,25,0,8.50678733031674,0.033207874015748,0.00591968503937008,65.9455639097744,5640.0,21.087,3.759,43853.8,270,442,463,242,1822,299,626,118,1537,15,242,9,11.5985072706215,0.0242767469403869,0.00839680654526259,60.7683805616105,90132.0,184.479,63.6309999999999,473932.600000001,2917,2872,2682,320,4765,467,2183,285,3964,26,979,30,9.8400857449089,0.0260209408078261,0.00710819833832856,61.7721667072874,257062.4,680.942000000002,187.365000000003,1774158.4,29041,3,8,7,1,1,0,27,0,8,0,27,0,3.52048192771084,0.025472049689441,0.00725925925925926,73.1214285714286,584.4,4.101,1.176,12284.4,7,31,30,1,279,1,139,26,42,0,87,0,12.1532212885154,0.0320869565217391,0.00664399421128799,73.2225,8677.4,22.14,4.591,52720.2
EB379,C,F,1188,3,4.08,4,-1.13213256612713,0.196565467,0.000202854,4.5,2.523532,17.10119,0.45934724325818016,16.6027,18.155,0.192693,0.0075278623939483815,0.18502,0.21057,5.60377,0.518537211886583,4.3678,6.2412,0.0018291670000000002,0.002056680662684954,1.0105e-05,0.0061766,0.0029656800000000005,0.00014585478166084703,0.0026041,0.0031137,337.1907960400312,0.09746199346175746,0.004833194307901534,0.08959451972286887,0.10244231241243212,331,255,302,368,563,88,150,5,1020,7,0,0,8.04407713498623,0.0234171613599568,0.00929188302814974,51.3486223211801,29200.0,86.7839999999999,33.9989999999999,184495.6,58,86,86,56,81,3,110,6,70,25,0,8.53092006033182,0.0332724409448819,0.00592913385826772,65.4718796992481,5656.0,21.128,3.765,43538.8,270,442,463,242,1798,298,631,118,1537,15,242,9,11.471252091108,0.0242845111198842,0.00839693850620215,60.7589178099757,89143.1,184.538,63.6319999999999,473858.800000001,2911,2849,2660,319,4448,464,2091,272,3942,26,934,30,9.54987891570971,0.0259151340399004,0.00712257765056289,61.5819536071505,244496.0,665.086000000003,184.140000000003,1736241.6,28513,1,7,7,0,66,0,36,12,9,0,25,0,13.2642857142857,0.0340987654320988,0.00680246913580247,74.4437869822485,2228.4,5.524,1.102,12581.0,2,30,30,0,233,3,117,18,51,0,123,10,12.6083449235049,0.0299623733719247,0.00606801736613604,76.3883495145631,9065.4,20.704,4.193,55076.0
867F7,C,F,1194,3,5.64,6,1.33140103330634,0.319794914,0.000330026,4.0,20.44444,22.384840000000004,0.7767391671454313,21.1293,23.6294,0.16930499999999998,0.014178687644959718,0.14705,0.19246,5.0882000000000005,0.452928287186099,4.4135,6.0791,0.00025581370000000005,0.0006420165783318216,1e-05,0.0020544,0.004161730000000001,0.0004539014896795707,0.0034136,0.0048523,240.28468929988247,0.15380416095488414,0.007722148305081809,0.13736246201435975,0.16346198336195358,331,255,302,368,563,88,150,5,1018,7,0,0,8.02589531680441,0.02347463572585,0.00927083902705654,51.4177567492346,29134.0,86.9969999999999,33.9219999999999,184744.0,69,99,99,69,81,3,110,6,63,25,0,8.68098159509202,0.0335192926045016,0.00586977491961415,65.0653374233129,5660.0,20.849,3.651,42422.6,260,430,451,230,1827,299,631,118,1536,15,242,9,11.6167587713661,0.0243309683353042,0.00838498023715413,60.742158494431,90390.0,185.183,63.6419999999999,474457.000000001,2914,2855,2666,319,4592,466,2134,280,3943,26,944,30,9.78460163928058,0.0260065111231689,0.00711438574891318,61.6331145458395,251885.0,671.020000000003,184.910000000003,1746559.2,28657,3,7,7,0,67,0,43,8,9,0,10,0,13.1096385542169,0.0399012345679012,0.00598148148148148,71.6639053254438,2176.2,6.464,0.969000000000001,12111.2,5,30,30,0,260,2,118,22,40,0,85,0,12.9206703910615,0.0316251808972503,0.00585238784370478,74.1439667128987,9251.2,21.853,4.044,53457.8
8A028,C,M,1261,3,7.0,7,1.29787497906901,0.442477096,0.000456633,4.5,10.3862,17.996180000000003,0.3018867440319671,17.5756,18.507,0.17763,0.0072927467771447775,0.17075,0.19037,2.8830400000000003,0.27913395509842387,2.4022,3.2018,0.00033988039999999995,0.0004243651274420806,1e-05,0.0013421,0.00502337,0.00017525812740703988,0.0048342,0.0053125,199.06954892830908,0.10113428864393803,0.007889276435075738,0.09326449817027714,0.11666994624068838,331,255,302,368,548,85,152,5,1003,7,0,0,7.94380165289256,0.0235906637884511,0.00921371959551787,51.4783746173115,28836.0,87.4269999999999,33.7129999999999,184961.8,93,122,122,93,81,3,108,6,59,25,0,8.79140127388535,0.0338831385642738,0.00583472454090151,64.9445859872611,5521.0,20.296,3.495,40785.2,236,407,428,206,1827,299,633,118,1541,15,242,9,11.6090967328635,0.0243527639507467,0.00838132142388019,60.7124696873007,90609.0,185.909,63.8069999999999,475682.200000001,2926,2939,2748,320,5569,470,2367,303,4174,28,1128,32,10.1795310728264,0.0260752031032716,0.0071551767997966,62.1519385540158,278298.2,712.531000000001,196.889000000003,1861139.8,30265,0,14,14,0,9,0,2,0,22,0,0,0,7.40355029585799,0.0179354838709677,0.00788387096774194,60.7254437869823,1251.2,2.78,1.222,10262.6,7,46,45,0,312,1,67,7,159,2,55,0,13.5478991596639,0.0244281481481481,0.00870118343195265,68.9037447988904,9673.2,16.489,5.88199999999999,49679.6
3FB0A,C,M,1264,3,5.67,6,-0.301511263280473,0.322355161,0.000332668,5.0,4.311,16.690260000000002,0.2781814363963845,16.3101,17.1482,0.162754,0.00503916042389779,0.15631,0.17225,3.54197,0.12051219440372002,3.2733,3.65,0.004286333,0.0021309162025343305,0.00095233,0.0071457,0.00409946,0.00018020856558751883,0.0038722,0.0044556,243.93456699175013,0.061793676650239916,0.00564899921315904,0.055381801255912265,0.07446024993577888,331,255,302,368,540,85,178,5,994,7,0,0,7.87162534435262,0.0242344846195359,0.00911615195408578,51.5349846924576,28574.0,89.8129999999999,33.3559999999999,185165.2,101,132,154,101,81,3,87,6,55,25,0,9.00806451612903,0.0328658743633277,0.00591358024691358,65.4161290322581,5585.0,19.358,3.353,40558.0,228,397,396,197,1786,298,631,118,1547,15,242,9,11.4871112248816,0.0243246991104134,0.00839097449313275,60.649005609383,89748.8,185.938,64.1489999999999,475730.800000001,2929,2941,2750,321,5177,459,2351,303,4205,28,1128,32,9.82909369527145,0.0260243101182655,0.00717051509769105,62.1932369402986,269395.8,712.962,197.813000000003,1866792.2,30337,3,7,7,1,86,0,10,0,35,0,0,0,14.5433734939759,0.0233148148148148,0.00817283950617284,68.8892857142857,2414.2,3.777,1.324,11573.4,10,45,44,1,267,1,56,6,174,2,51,0,13.1825597749648,0.024042899408284,0.00887592319054652,68.68,9372.8,16.253,6.00899999999999,49449.6
BDCA4,C,F,1194,3,4.68,5,-0.208928815765081,0.241585282,0.000249314,4.5,0.884363,18.975360000000002,2.026992586841676,16.7434,22.3535,0.183308,0.027769328723931702,0.15178,0.22523,6.57607,0.9827041354796919,5.0054,7.5659,0.0025369323999999997,0.0033186926658133253,1e-05,0.0087438,0.0038566299999999998,0.0004148399907059215,0.0032021,0.0043714,259.2937357226387,0.14036476732898712,0.01342148051061866,0.122171260840785,0.15965702909507293,331,255,302,368,542,84,182,5,1002,7,0,0,7.88677685950413,0.0243121964382083,0.00914758130636783,51.5525187865294,28629.0,90.1009999999999,33.4709999999999,185228.2,101,132,154,101,78,3,84,6,44,25,0,8.93387096774194,0.0331239388794567,0.00559611992945327,65.5729032258064,5539.0,19.51,3.173,40655.2,228,397,396,197,1819,299,630,118,1547,15,242,9,11.5527198259311,0.0243063840920984,0.00839123610202746,60.6292707802142,90261.4,185.798,64.1509999999999,475576.000000001,2914,2855,2666,319,4655,464,2120,285,3927,26,949,30,9.7609757992464,0.0259824819781413,0.00711246200607912,61.6762439127673,251276.8,670.400000000003,184.860000000002,1747781.4,28657,3,7,7,0,55,0,26,7,5,0,6,0,11.2506024096386,0.030037037037037,0.00593827160493827,70.684023668639,1867.6,4.866,0.962,11945.6,5,30,30,0,229,2,113,26,36,0,63,0,12.3569832402235,0.0311852387843705,0.00575253256150507,72.8557558945909,8847.6,21.549,3.975,52529.0
F0B64,C,F,1187,3,5.09,5,0.495006530134696,0.274088889,0.000282857,4.0,21.534912,23.699220000000004,0.5845636070323454,22.829,24.6361,0.195216,0.01084667609096087,0.1792,0.21042,5.523770000000001,0.4496024393221688,4.9673,6.2666,3.02985e-05,4.926929184762723e-05,1e-05,0.00016571,0.00467539,0.0005569472455568242,0.0037044,0.0056797,213.8859004275579,0.14852882231327283,0.023820208603618363,0.12941114476254978,0.21153906503991357,331,255,302,368,554,84,189,5,1002,7,0,0,7.99531680440771,0.0243864004317323,0.00915960644984965,51.6542165321458,29023.0,90.3759999999999,33.5149999999999,185593.6,101,132,154,101,64,3,82,6,42,25,0,8.4,0.0330237691001698,0.00557848324514992,65.9677419354839,5208.0,19.451,3.163,40900.0,228,397,396,197,1777,298,625,118,1544,15,242,9,11.3963650326379,0.0242656985871272,0.0083803793328973,60.59255481897,89039.8,185.487,64.0679999999999,475288.0,2914,2848,2659,319,4582,465,2095,280,3917,26,944,30,9.77167546432062,0.0259548379548381,0.0071170731707318,61.6387220447285,249910.6,665.508000000003,183.834000000002,1736362.8,28489,3,7,7,0,67,0,43,8,9,0,10,0,13.1096385542169,0.0399012345679012,0.00598148148148148,71.6639053254438,2176.2,6.464,0.969000000000001,12111.2,5,30,30,0,252,2,118,22,40,0,85,0,11.8782122905028,0.0316251808972503,0.00585238784370478,74.1439667128987,8504.8,21.853,4.044,53457.8
DEEFC,C,F,1196,3,4.2,4,-0.992261208736656,0.205319378,0.000211888,4.5,2.794937,16.81575,0.23845332294229535,16.4854,17.1644,0.21102000000000004,0.003610343166207025,0.20594,0.21529,6.18233,0.17792863144780524,5.9155,6.4748,1.2557e-05,4.678226112059522e-06,1.0005e-05,2.5177e-05,0.003925840000000001,0.00010083528042197216,0.0038291,0.0041604,254.72255619179586,0.18852796886383796,0.007924452234844543,0.17386249633581455,0.19698990193871374,331,255,302,368,557,84,193,5,1005,7,0,0,8.04710743801653,0.0244147328656233,0.00919322219185566,51.7243529084331,29211.0,90.4809999999999,33.6379999999999,185845.6,101,132,154,101,61,3,81,6,40,25,0,8.13064516129032,0.0333786078098472,0.00536331569664903,66.1506451612903,5041.0,19.66,3.041,41013.4,228,397,396,197,1795,296,622,118,1543,15,242,9,11.2662741584539,0.0242081371009943,0.00837828646173969,60.5799337072923,88023.4,185.047,64.0519999999999,475189.000000001,2914,2857,2668,319,4712,464,2123,285,3920,26,962,30,9.78643712923113,0.0259723382853607,0.007109075546338,61.7225745085606,252402.0,671.333000000003,185.099000000002,1752057.0,28705,0,7,7,0,66,1,25,5,5,0,18,0,10.3112426035503,0.0287530864197531,0.00683950617283951,72.2177514792899,1742.6,4.658,1.108,12204.8,4,30,30,0,284,3,127,26,39,0,76,0,12.9073919107392,0.0318118668596237,0.006205499276411,73.2502080443828,9254.6,21.982,4.288,52813.4
D178D,C,M,1245,3,4.61,5,-1.44934994524473,0.236174385,0.00024373,4.5,0.459634,25.84366,1.0956731814023943,24.7559,27.5084,0.21420399999999998,0.010765638960239299,0.20253,0.22988,4.21501,0.7702108087328358,3.1502,4.9889,1.0529400000000003e-05,1.1056648276539823e-06,1e-05,1.3354e-05,0.003863099999999999,0.0005038842680175236,0.0034101,0.0046137,258.85946519634496,0.18242273137090165,0.015501836884885054,0.17011060993734306,0.2208642567620786,332,255,302,368,566,84,198,5,1007,7,0,0,8.10912096996418,0.0244336211548839,0.00922164525826725,51.7844698023935,29428.0,90.5509999999999,33.7419999999999,186061.6,100,132,154,101,52,3,81,6,40,25,0,7.85024154589372,0.0335246179966044,0.00528042328042328,66.3829032258065,4875.0,19.746,2.994,41157.4,228,397,396,197,1786,296,617,118,1542,15,242,9,11.3381415589402,0.0241474358974359,0.0083798561151079,60.5567567567568,88584.9,184.583,64.0639999999999,475007.2,2922,2911,2720,320,5103,421,2319,303,4125,28,1128,32,9.56671241514892,0.0260627734519837,0.00715367622694315,62.1724840161024,257909.0,702.913000000001,194.301000000003,1837880.8,29881,4,11,10,0,51,1,18,1,33,1,12,0,12.0133333333333,0.0288607594936709,0.00842767295597485,69.3633136094675,1982.2,4.56,1.34,11722.4,4,34,33,0,411,2,105,9,160,2,90,2,15.4619246861925,0.0278500727802038,0.00857994186046511,72.8732316227462,11086.2,19.133,5.90299999999999,52541.6
DB8EF,C,F,1189,3,5.0,5,0.337433138348387,0.266836813,0.000275373,4.5,2.203071,19.51708,0.8238975594359078,18.4778,20.633,0.19832100000000003,0.014559468435046356,0.18225,0.21862,5.93621,0.6061814698036665,5.0379,6.7586,0.001274696,0.001859066015812301,1.0001e-05,0.005425,0.004237940000000001,0.00026601922319845824,0.0038034,0.0046325,235.9636993444928,0.11533983541112627,0.009140277456176913,0.1054503433509721,0.13499161821109087,332,255,302,368,566,84,198,5,1007,7,0,0,8.10912096996418,0.0244336211548839,0.00922164525826725,51.7844698023935,29428.0,90.5509999999999,33.7419999999999,186061.6,100,132,154,101,52,3,81,6,40,25,0,7.85024154589372,0.0335246179966044,0.00528042328042328,66.3829032258065,4875.0,19.746,2.994,41157.4,228,397,396,197,1826,299,617,118,1542,15,242,9,11.590810188148,0.0241474358974359,0.0083798561151079,60.5567567567568,90559.0,184.583,64.0639999999999,475007.2,2913,2850,2661,319,4668,466,2097,280,3913,26,945,30,9.87556197315017,0.025951648693892,0.00711056577523583,61.664852221986,253051.4,666.620000000003,183.993000000002,1740058.8,28537,3,7,7,0,60,0,25,5,8,0,8,0,12.5144578313253,0.0300123456790123,0.00609876543209877,70.8011834319527,2077.4,4.862,0.988,11965.4,5,30,30,0,242,2,110,21,34,0,61,0,12.7575418994413,0.0308668596237337,0.00564399421128799,72.8707350901526,9134.4,21.329,3.9,52539.8
2AD5E,C,M,1254,3,6.98,7,1.31560540775567,0.440578213,0.000454673,5.0,1.195,17.93086,0.24998120462680115,17.6213,18.3885,0.19354500000000002,0.004930840023092752,0.18633,0.2032,2.0858300000000005,0.0922027361608947,1.9222,2.2662,0.00375156,0.0015939170145692445,0.0010568,0.0058919,0.00511784,0.00020761076401124609,0.0048674,0.0055003,195.3949322370375,0.07462253691513522,0.008262465803725133,0.06521367139530432,0.08783110313680176,332,255,302,368,566,84,198,5,1007,7,0,0,8.10801873794434,0.0244336211548839,0.00922164525826725,51.7844698023935,29424.0,90.5509999999999,33.7419999999999,186061.6,100,132,154,101,37,3,81,6,40,25,0,6.35458937198068,0.0335246179966044,0.00528042328042328,66.3829032258065,3946.2,19.746,2.994,41157.4,228,397,396,197,1826,299,617,118,1542,15,242,9,11.590810188148,0.0241474358974359,0.0083798561151079,60.5567567567568,90559.0,184.583,64.0639999999999,475007.2,2926,2933,2742,320,5523,470,2321,303,4152,28,1128,32,10.1473188325789,0.0260117066705935,0.00715737525132527,62.1656110420795,275712.8,706.582000000001,195.790000000003,1851105.4,30097,1,14,14,0,9,0,2,0,25,0,0,0,6.62857142857143,0.017,0.00824516129032258,62.0568047337278,1113.6,2.635,1.278,10487.6,8,47,46,0,288,1,62,7,158,2,55,0,12.9994389901823,0.0241824925816023,0.00864888888888888,68.709015256588,9268.6,16.299,5.83799999999999,49539.2
85353,C,F,1167,3,4.64,5,-0.0953484022589009,0.238488317,0.000246118,4.5,23.869559,15.916509999999999,0.19510763667496178,15.7491,16.3854,0.231703,0.00200470031010456,0.22889,0.23445,0.010001199999999998,1.8737959096738014e-06,0.01,0.010006,1e-05,0.0,1e-05,1e-05,0.009052890000000001,0.00022722339203719552,0.0085679,0.0093056,110.46196297535924,1.2329714541516203,0.016828970741906455,1.2072244321066714,1.2558169339905767,332,255,302,368,566,84,198,5,1007,7,0,0,8.10912096996418,0.0244336211548839,0.00922164525826725,51.7844698023935,29428.0,90.5509999999999,33.7419999999999,186061.6,100,132,154,101,52,3,81,6,40,25,0,7.85024154589372,0.0335246179966044,0.00528042328042328,66.3829032258065,4875.0,19.746,2.994,41157.4,228,397,396,197,1825,299,617,118,1542,15,242,9,11.5802508639447,0.0241474358974359,0.0083798561151079,60.5567567567568,90476.5,184.583,64.0639999999999,475007.2,2909,2828,2639,319,4416,458,1991,259,3879,26,886,30,9.70519123505976,0.0257981017433781,0.00712696097753261,61.4358829902492,243600.3,649.622000000004,180.811000000002,1701159.6,28009,1,7,7,0,8,0,0,0,0,0,0,0,6.31904761904762,0.0226111111111111,0.00382716049382716,70.2792899408284,1061.6,3.663,0.62,11877.2,1,30,30,0,260,2,118,10,46,0,118,15,12.4188888888889,0.0302908827785817,0.00580752532561505,76.7353675450763,8941.6,20.931,4.013,55326.2
A9ADA,C,F,1162,3,4.55,5,-0.206835654519689,0.231569235,0.000238978,4.5,9.414635,13.83038,0.5288650107121436,13.3175,15.0248,0.21498299999999998,0.0033619143025630164,0.20862,0.21934,0.009999999999999998,1.828559098217032e-18,0.01,0.01,1.00006e-05,1.897366596100902e-09,1e-05,1.0006e-05,0.00860688,0.0004290861653949395,0.0080906,0.0092977,116.18612087074526,1.3610428988644063,0.022738003466931257,1.3241010251302416,1.4041392407330169,332,255,302,368,553,82,198,5,1007,7,0,0,8.04188481675393,0.0245118726389638,0.00920688712763046,51.8866685221263,29184.0,90.8409999999999,33.6879999999999,186428.8,100,132,154,101,52,3,87,6,35,25,0,7.77133655394525,0.0335891341256367,0.00521340388007055,66.4322580645161,4826.0,19.784,2.956,41188.0,228,397,396,197,1747,298,619,118,1539,15,242,9,11.2096121848202,0.024153453689168,0.00837305428384564,60.5540030596635,87580.7,184.629,64.0119999999999,474985.600000001,2908,2823,2634,319,4331,449,1991,259,3872,26,886,30,9.60769785036628,0.0258029601851115,0.0071389427836073,61.4024809575626,240009.9,646.777000000004,180.294000000002,1692866.4,27889,0,7,7,0,55,0,15,1,3,0,18,0,9.5112426035503,0.027,0.0051604938271605,74.4970414201183,1607.4,4.374,0.836,12590.0,6,35,35,5,276,3,145,10,67,0,143,15,12.8523076923077,0.031832361516035,0.00629591836734694,78.1187150837989,9189.4,21.837,4.319,55933.0
BDD5E,C,F,1165,3,4.66,5,-0.0500907286340491,0.240035128,0.000247714,4.5,1.463748,14.343099999999998,0.2401138479971532,13.7411,14.6078,0.23013999999999996,0.001485679792029376,0.2274,0.23241,0.009999999999999998,1.828559098217032e-18,0.01,0.01,1e-05,0.0,1e-05,1e-05,0.00925515,0.0003505616105305569,0.0086225,0.0098168,108.047951680956,1.297282975158893,0.035689919440636965,1.2486612907967198,1.3449967853604954,331,255,302,368,533,82,209,5,995,7,0,0,7.94214876033058,0.0247606583917971,0.00913664935774798,52.0720289451712,28830.0,91.7629999999999,33.4309999999999,187094.8,100,132,154,101,41,3,83,6,29,26,0,7.18840579710145,0.0339473684210526,0.00473015873015873,67.3845161290323,4464.0,19.995,2.682,41778.4,228,397,396,197,1804,299,621,118,1546,15,241,9,11.4233841034174,0.0241106750392465,0.00839280575539567,60.5244008159103,89250.9,184.302,64.1629999999999,474753.4,2909,2826,2637,319,4413,464,1980,259,3865,26,886,30,9.71060593964554,0.025775850407798,0.00712205812667834,61.4418710657695,243270.1,647.876000000004,180.359000000002,1698376.2,27961,1,7,7,0,7,0,0,0,0,0,0,0,5.15595238095238,0.022320987654321,0.00394444444444445,70.6733727810651,866.2,3.616,0.639,11943.8,1,30,30,0,243,2,114,10,45,0,117,15,11.91,0.0299435600578871,0.00578147612156295,76.7553398058252,8575.2,20.691,3.995,55340.6
67ABF,C,M,1255,3,6.37,6,0.584281846887366,0.383995303,0.00039628,5.0,2.83518,20.42534,1.0892663384131538,19.5095,22.5005,0.15148799999999998,0.014516581936224215,0.13788,0.18315,3.62484,0.44649784172677337,2.7175,4.0629,0.0009532348999999999,0.0011551663635010856,1e-05,0.0034995,0.0039361199999999995,0.0003555219693164779,0.0032703,0.0045753,254.05729500116868,0.09967693697821357,0.025791618614458053,0.07350198830204784,0.15157266152929721,331,255,302,368,524,81,216,5,989,7,0,0,7.88842975206612,0.0248264975715056,0.00911587865537028,52.1511828555525,28635.0,92.0069999999999,33.3549999999999,187379.2,112,143,166,112,37,3,76,6,30,27,0,7.03940886699507,0.0338615916955017,0.00466846846846847,67.624630541872,4287.0,19.572,2.591,41183.4,217,387,385,187,1827,299,627,118,1546,15,240,9,11.5982873210634,0.0241311732427489,0.00838440438871472,60.5359816653935,90745.0,184.7,64.1909999999999,475449.600000001,2928,2932,2741,321,5376,468,2313,303,4166,28,1128,32,9.98433420365535,0.0259865018941484,0.00716165084002932,62.1910134228189,271504.0,706.547000000002,196.086000000003,1853292.2,30121,3,7,7,1,86,0,10,0,35,0,0,0,14.5433734939759,0.0233148148148148,0.00817283950617284,68.8892857142857,2414.2,3.777,1.324,11573.4,10,45,44,1,223,0,56,6,174,2,51,0,11.2517580872011,0.024042899408284,0.00887592319054652,68.68,8000.0,16.253,6.00899999999999,49449.6
78AFE,C,F,1166,3,4.52,5,-0.281305899174898,0.229278068,0.000236613,4.5,2.506036,12.866350000000002,0.2939578437274446,12.4076,13.3906,0.23231700000000002,0.0077301732767699905,0.22072,0.24757,0.0100414,6.449840652639735e-05,0.01,0.010209,1e-05,0.0,1e-05,1e-05,0.00829714,0.0011041474430527835,0.0063095,0.010083,120.52345748052944,1.547612412458974,0.040865693582999955,1.5130270037568008,1.654170150440853,373,296,343,410,513,81,229,5,951,6,0,0,7.87095875139353,0.0252010914051841,0.00896545052515197,52.4599831033512,28241.0,92.3619999999999,32.4369999999998,186285.4,107,137,160,107,45,4,79,13,41,35,0,7.17589576547231,0.0341934931506849,0.00493404634581106,68.9351791530945,4406.0,19.969,2.768,42326.2,181,353,353,150,1787,294,624,111,1543,15,232,9,11.346679389313,0.024057232049948,0.0083634235171696,60.490913699151,89184.9,184.952,64.2979999999999,477333.800000001,2868,2787,2598,278,4415,460,1983,260,3879,26,918,30,9.69075128399092,0.0257638304627353,0.00712372474100927,61.516894647562,243402.6,649.197000000004,180.850000000002,1704448.6,27985,0,7,7,0,28,2,23,1,16,0,32,0,8.32662721893491,0.0282530864197531,0.00608641975308642,77.0852071005917,1407.2,4.577,0.986,13027.4,1,30,30,0,217,3,100,6,44,0,112,10,11.7336111111111,0.0284978292329956,0.00574819102749638,75.9988904299584,8448.2,19.692,3.972,54795.2
985A2,C,M,1244,3,6.7,7,1.04194355877959,0.414282861,0.000427536,5.0,8.9751,17.58387,0.6003872843608722,17.043,18.8535,0.17352199999999998,0.011997818134977706,0.16193,0.20009,2.28474,0.09595816449543695,2.0995,2.4173,0.007403019999999999,0.0035793723291474818,1e-05,0.010765,0.005824879999999999,0.00017606900667383536,0.0055316,0.0061597,171.67735644339456,0.08163024572269142,0.006909411740790632,0.07277203480822934,0.0953329732149995,373,296,343,410,513,81,229,5,951,6,0,0,7.87095875139353,0.0252010914051841,0.00896545052515197,52.4599831033512,28241.0,92.3619999999999,32.4369999999998,186285.4,107,137,160,107,45,4,79,13,41,35,0,7.17589576547231,0.0341934931506849,0.00493404634581106,68.9351791530945,4406.0,19.969,2.768,42326.2,181,353,353,150,1814,298,624,111,1543,15,232,9,11.545165394402,0.024057232049948,0.0083634235171696,60.490913699151,90745.0,184.952,64.2979999999999,477333.800000001,2884,2881,2690,279,5496,470,2290,303,4131,28,1128,32,10.1297890483076,0.0259757562277581,0.00716181396547292,62.1477787544798,273230.8,700.722000000002,194.565000000003,1838207.0,29857,3,18,18,0,17,0,2,0,22,0,0,0,8.75060240963855,0.0185695364238411,0.00803973509933775,59.5218934911243,1452.6,2.804,1.214,10059.2,7,45,44,0,329,1,67,7,159,2,55,0,13.9952380952381,0.0249881656804734,0.00865288035450516,69.0235783633842,9992.6,16.892,5.85799999999999,49766.0
45D75,C,M,1250,3,8.1,8,2.67119672895457,0.551020509,0.000568649,5.0,7.884101,15.629320000000002,0.5742436683731621,14.7989,16.3571,0.15144600000000003,0.011694171577708657,0.13548,0.16598,1.95491,0.16261205674856954,1.7691,2.1678,0.005363129999999999,0.0019294271015280965,0.0018273,0.0071866,0.006753880000000001,0.0007077465613559073,0.0059909,0.007937,148.06303931962069,0.0835093083920668,0.013287893118218952,0.06915447923935375,0.10514935236260517,386,309,356,424,510,81,237,9,950,6,11,0,7.76956643356643,0.0252806681270536,0.00895395284327319,52.7643765903308,27776.2,92.3249999999999,32.2789999999998,186627.6,92,123,146,92,52,4,77,9,34,24,0,7.45310015898251,0.0342909698996655,0.00481739130434783,68.0829888712242,4688.0,20.506,2.77,42824.2,181,353,353,150,1808,298,627,111,1553,15,239,9,11.5307888040712,0.0240368106139438,0.00837109781477626,60.546800152072,90632.0,184.795,64.3569999999999,477774.8,2872,2874,2683,265,5564,470,2292,299,4164,28,1117,32,10.1149544767592,0.0259530357208686,0.00716849696171033,62.1671307506054,274408.6,704.028000000002,195.829000000003,1848601.8,30001,3,7,7,1,81,0,10,0,42,0,0,0,13.1265060240964,0.0237098765432099,0.00887654320987655,68.9,2179.0,3.841,1.438,11575.2,10,46,45,1,268,1,56,6,172,2,46,0,13.1912798874824,0.0239718518518518,0.008896449704142,68.475,9379.0,16.181,6.01399999999999,49302.0
81E85,C,M,1254,3,5.8,6,-0.0876138712471104,0.333528191,0.000344198,4.0,4.526647,26.385089999999998,0.40917924474896566,25.6163,27.1626,0.23956499999999997,0.008483927615071793,0.22831,0.25916,2.85485,0.18565448942711946,2.6979,3.3404,0.004029265,0.002212980962800328,1.006e-05,0.0064035,0.0066309,0.00043714965909222027,0.0058376,0.0074454,150.80909077199172,0.09888704838281245,0.009788128898816223,0.08782940180472451,0.11786018892253051,386,302,349,424,497,80,250,11,932,6,25,0,7.83188811188811,0.0256223011751844,0.00884330011074193,53.2300254452926,27999.0,93.7519999999999,31.9419999999999,188274.6,92,123,146,92,63,4,79,12,36,15,0,7.82193958664547,0.0351137123745819,0.00494782608695653,67.785373608903,4920.0,20.998,2.845,42637.0,181,353,353,150,1795,298,628,109,1553,15,242,9,11.5048982188295,0.0240117065556712,0.00836121227887616,60.5600304143962,90428.5,184.602,64.2809999999999,477879.2,2873,2885,2694,265,5529,462,2284,297,4194,28,1103,32,10.0272663826036,0.0259172056445686,0.00718348356019424,62.1496983105391,272982.3,705.259000000001,196.849000000003,1854049.8,30097,1,14,14,0,74,0,5,0,36,0,0,0,11.6642857142857,0.0210387096774194,0.00943225806451613,64.4852071005917,1959.6,3.261,1.462,10898.0,11,53,52,1,205,0,35,1,139,1,12,0,10.3614084507042,0.0228892215568862,0.00858146487294468,65.765,7356.6,15.29,5.74099999999999,47350.8
5AA83,C,M,1233,3,6.97,7,1.42825513784116,0.439629797,0.000453694,5.0,2.292732,17.91464,1.5904885812576939,16.2672,20.0306,0.149399,0.02593629265463102,0.12488,0.19149,2.9515599999999997,0.5466278852097549,1.8436,3.5091,0.0047838888,0.0042208576384616114,1.0025e-05,0.0099282,0.004302970000000001,0.00043617252970202814,0.0036938,0.0049019,232.39762303711154,0.12429892126132203,0.02460108038511667,0.08441365642838555,0.1546358870047835,386,302,349,424,497,80,250,11,932,6,25,0,7.83188811188811,0.0256223011751844,0.00884330011074193,53.2300254452926,27999.0,93.7519999999999,31.9419999999999,188274.6,92,123,146,92,63,4,79,12,36,15,0,7.82193958664547,0.0351137123745819,0.00494782608695653,67.785373608903,4920.0,20.998,2.845,42637.0,181,353,353,150,1795,298,628,109,1553,15,242,9,11.5048982188295,0.0240117065556712,0.00836121227887616,60.5600304143962,90428.5,184.602,64.2809999999999,477879.2,2869,2850,2659,264,5466,456,2267,297,4094,28,1103,32,10.1368919323455,0.0260049732640318,0.00715601098982708,62.1053360155478,270898.3,695.451000000002,192.740000000003,1821487.4,29593,7,16,15,0,39,1,13,1,25,0,12,0,10.320987654321,0.0293660130718954,0.00740259740259741,67.5100591715976,1672.0,4.493,1.14,11409.2,7,39,38,0,392,2,100,9,160,2,87,2,15.015406162465,0.027649560117302,0.00862957540263542,72.493758668516,10721.0,18.857,5.89399999999999,52268.0
C7266,C,M,1219,3,5.32,5,-0.450845902407964,0.292915063,0.000302286,4.5,21.068458,23.35051,0.5784547201140489,22.5281,24.0138,0.21628700000000003,0.007044749108378522,0.20645,0.22371,4.51567,0.4627630760503215,4.0599,5.1637,1.1200499999999999e-05,2.3178069256183625e-06,1e-05,1.7328e-05,0.0038575700000000003,0.0003478689186397018,0.0033755,0.0043218,259.2305518759219,0.13076679218173132,0.009871109709776331,0.11304677879501855,0.14543078222253086,386,302,349,424,497,80,250,11,932,6,25,0,7.82987412587413,0.0256223011751844,0.00884330011074193,53.2300254452926,27991.8,93.7519999999999,31.9419999999999,188274.6,92,123,146,92,32,1,79,12,36,15,0,4.71096979332273,0.0351137123745819,0.00494782608695653,67.785373608903,2963.2,20.998,2.845,42637.0,181,353,353,150,1801,298,628,109,1553,15,242,9,11.5263358778626,0.0240117065556712,0.00836121227887616,60.5600304143962,90597.0,184.602,64.2809999999999,477879.2,2862,2827,2637,264,5198,466,2232,291,4012,27,1070,32,10.0021670770979,0.0259968596292093,0.0071381667918859,62.0066636774394,264007.2,687.097000000002,190.018000000003,1797759.2,29257,0,7,7,0,0,0,18,0,44,1,18,0,3.44497041420118,0.0247283950617284,0.00933950617283951,72.1751479289941,582.2,4.006,1.513,12197.6,2,30,30,0,338,1,149,12,117,1,116,2,12.8984700973574,0.0299131693198263,0.00823444283646888,74.0016643550624,9274.0,20.67,5.68999999999999,53355.2
D6AF5,C,M,1211,3,6.76,7,1.30900163558119,0.4198719,0.000433304,5.0,5.063,12.77819,4.014524595474122,2.1721,15.499,0.14373940000000002,0.022223416860000025,0.096344,0.1683,4.32522,3.577188538130655,1.6809,14.2353,0.0056544682,0.017815781839750612,1e-05,0.056359,0.0029569859999999996,0.0014746353858436402,0.00013151,0.0042934,338.18218956735006,0.8675172337067819,0.4989464840909483,0.6038109144831348,1.9402732534946587,126,174,173,126,1045,92,71,0,902,4,0,0,11.1577574967405,0.0197876947451809,0.00887407602956702,51.8854237288135,42790.0,74.9359999999999,33.6149999999999,198980.6,4,32,32,1,14,0,51,5,63,13,0,6.23012552301255,0.0292728592162554,0.00597532656023222,58.71,4467.0,20.169,4.117,42271.2,450,378,366,6,1330,117,549,96,1284,6,284,3,9.31339744434198,0.0238173039279656,0.00742957654723125,60.2336776602364,70698.0,182.512,57.0219999999998,483977.6,2819,2988,2706,37,5114,375,2110,211,3847,26,1032,26,9.83791815895756,0.0266802162825478,0.00689745437990833,61.2747416287722,258206.0,695.74,181.810000000004,1778683.2,29065,0,14,14,0,0,0,29,1,4,0,7,0,5.81065088757397,0.0309741935483871,0.00625161290322581,70.8011834319527,982.0,4.801,0.969000000000001,11965.4,35,126,60,0,93,2,112,19,43,0,75,3,9.3935860058309,0.0314436974789916,0.00620726172465961,71.8920943134536,6444.0,18.709,4.103,51834.2
89525,C,M,1221,3,4.86,5,-1.00972467495633,0.255685976,0.000263866,5.0,2.642256,13.841799999999997,0.18880371347572122,13.5179,14.0473,0.147436,0.00215261185023631,0.14351,0.15132,7.15796,0.23969637368044508,6.7647,7.5711,1e-05,0.0,1e-05,1e-05,0.00217067,2.3949486192586415e-05,0.0021342,0.0022168,460.68725324439,0.7429667672510993,0.015197153984408521,0.7263184326685446,0.7779934801431756,126,174,173,126,1045,92,71,0,902,4,0,0,11.1577574967405,0.0197876947451809,0.00887407602956702,51.8854237288135,42790.0,74.9359999999999,33.6149999999999,198980.6,4,32,32,1,14,0,51,5,63,13,0,6.23012552301255,0.0292728592162554,0.00597532656023222,58.71,4467.0,20.169,4.117,42271.2,450,378,366,6,1328,117,549,96,1284,6,284,3,9.29679884073245,0.0238173039279656,0.00742957654723125,60.2336776602364,70572.0,182.512,57.0219999999998,483977.6,2820,3006,2724,37,3151,167,2155,219,3868,26,1078,26,7.11518973003586,0.0267033727518157,0.00690177194236499,61.3749692496925,188445.8,702.272,183.456000000004,1796322.6,29305,1,12,12,0,0,0,24,4,13,0,26,0,1.14761904761905,0.0276433121019108,0.0070891719745223,72.5159763313609,192.8,4.34,1.113,12255.2,2,58,58,0,0,0,125,21,47,0,94,3,1.65785813630042,0.03084012066365,0.00657013574660633,72.2016643550624,1192.0,20.447,4.356,52057.4
5E107,C,M,1239,3,6.62,7,0.9764627671222,0.406869912,0.000419886,4.5,2.952512,19.337899999999998,1.2357259656664266,18.0598,21.7799,0.132996,0.01531548831158257,0.11827,0.16175,6.22683,0.6693933456662251,4.9235,7.0021,1.00738e-05,1.2745177737307376e-07,1e-05,1.036e-05,0.004526959999999999,0.0005896330293778778,0.0036132,0.0051749,220.89879300899503,0.4769368291573242,0.01869197378687415,0.44213870119749554,0.5088276418415673,111,174,173,124,1038,91,71,0,895,4,0,0,11.1041558441558,0.0198494850805387,0.00884371700105593,51.8112587959343,42751.0,75.1699999999999,33.4999999999999,198799.8,3,32,32,1,14,0,59,5,58,13,0,6.1991643454039,0.0293454281567489,0.00579970972423803,59.1025,4451.0,20.219,3.996,42553.8,451,378,382,6,1217,101,541,96,1284,6,284,3,8.53923583662714,0.0238076471355866,0.00743230186708445,60.2114996888612,64812.8,182.438,56.9239999999998,483799.4,2819,3024,2742,37,4854,355,2234,227,3904,26,1147,29,9.08129132922208,0.0267705611500018,0.00690916836451209,61.5656363636364,244450.2,715.121999999999,186.513000000004,1828499.4,29737,0,7,7,0,0,0,16,0,12,0,9,0,1.4792899408284,0.0279691358024691,0.00669753086419753,68.7349112426036,250.0,4.531,1.085,11616.2,1,39,39,0,0,0,132,17,64,0,122,3,1.53944444444444,0.0307697947214076,0.00743841642228738,73.5547850208044,1108.4,20.985,5.073,53033.0
E3698,C,F,1203,3,4.47,4,-0.60512957821084,0.22547644,0.00023269,4.0,1.946443,25.611800000000006,1.1415849167811492,24.6537,27.9902,0.20796300000000004,0.011444006728414656,0.19678,0.22418,8.9103,0.9027326391450446,7.2645,9.7757,1.00245e-05,5.49469441067168e-08,1e-05,1.0179e-05,0.0020541500000000002,5.130809444479063e-05,0.0019733,0.0021688,486.81936567436645,0.6943890861690456,0.05118333718881202,0.6579744330347769,0.8202279220255398,111,174,173,124,1038,91,71,0,895,4,0,0,11.1041558441558,0.0198494850805387,0.00884371700105593,51.8112587959343,42751.0,75.1699999999999,33.4999999999999,198799.8,3,32,32,1,14,0,59,5,58,13,0,6.1991643454039,0.0293454281567489,0.00579970972423803,59.1025,4451.0,20.219,3.996,42553.8,451,378,382,6,1330,117,541,96,1284,6,284,3,9.28521739130435,0.0238076471355866,0.00743230186708445,60.2114996888612,70474.8,182.438,56.9239999999998,483799.4,2818,2973,2691,37,5108,374,2081,210,3838,26,1025,26,9.81426981385531,0.0266500772200772,0.00689932014361025,61.2252184769038,255710.8,690.237,180.638000000004,1765490.4,28873,1,14,14,0,0,0,25,0,9,0,21,0,5.12857142857143,0.0301806451612903,0.0059483870967742,72.3988165680474,861.6,4.678,0.922,12235.4,71,125,59,0,100,4,86,18,47,0,68,3,9.48246153846154,0.03,0.00588066465256798,71.0832177531207,6163.6,17.88,3.893,51251.0
4915D,C,F,1182,3,5.02,5,0.415609483062896,0.268442756,0.000277031,4.5,3.327,16.240569999999998,0.7367546117187791,15.4212,17.3801,0.160723,0.007502691443001569,0.15144,0.17125,6.89833,0.6425066779592427,5.9685,7.805,1.00002e-05,6.324555320334555e-10,1e-05,1.0002e-05,0.0029606399999999996,5.7735146237894903e-05,0.0028775,0.0030689,337.76480760916564,1.3414260876086317,0.025347420909689618,1.3058767159412281,1.3883434963448988,111,174,173,124,1038,91,71,0,895,4,0,0,11.1033246753247,0.0198494850805387,0.00884371700105593,51.8112587959343,42747.8,75.1699999999999,33.4999999999999,198799.8,3,32,32,1,14,0,59,5,58,13,0,5.45821727019499,0.0293454281567489,0.00579970972423803,59.1025,3919.0,20.219,3.996,42553.8,451,378,382,6,1311,117,541,96,1284,6,284,3,8.87193675889328,0.0238076471355866,0.00743230186708445,60.2114996888612,67338.0,182.438,56.9239999999998,483799.4,2817,2865,2649,37,5002,373,1998,192,3799,26,957,23,9.69856762680025,0.0265566185696362,0.00690952566096437,61.0278907242693,247817.8,677.3,177.713000000004,1729042.2,28369,70,14,14,0,7,2,3,0,8,0,0,0,7.00808080808081,0.0234387096774194,0.00534193548387097,69.9491124260355,693.8,3.633,0.828,11821.4,71,38,38,0,54,2,48,2,30,0,50,0,7.22892307692308,0.0302532942898975,0.00493265007320645,70.1994452149792,4698.8,20.663,3.369,50613.8
30867,C,F,1188,3,4.28,4,-0.81123051423725,0.211225847,0.000217983,4.5,18.672,15.62369,1.2156159092319325,13.9667,17.8525,0.168599,0.009242554300624905,0.15669,0.18624,7.62729,0.8306592060258862,6.337,8.8067,1.00898e-05,1.680679756659322e-07,1e-05,1.0515e-05,0.0026921600000000003,5.617180391936473e-05,0.0026113,0.0027621,371.44894805657907,1.5039956294686927,0.04313121417078754,1.4758827328496578,1.617566441412178,111,174,173,124,1038,91,71,0,895,4,0,0,11.1041558441558,0.0198494850805387,0.00884371700105593,51.8112587959343,42751.0,75.1699999999999,33.4999999999999,198799.8,3,32,32,1,14,0,59,5,58,13,0,6.1991643454039,0.0293454281567489,0.00579970972423803,59.1025,4451.0,20.219,3.996,42553.8,451,378,382,6,1330,117,541,96,1284,6,284,3,9.30777338603426,0.0238076471355866,0.00743230186708445,60.2114996888612,70646.0,182.438,56.9239999999998,483799.4,2817,2943,2661,37,5040,373,2015,192,3804,26,972,23,9.83187266500623,0.0265729761439187,0.00690383722729396,61.0845132743363,252639.8,679.471,178.478000000004,1739442.6,28513,10,80,14,0,19,0,17,0,5,0,15,0,6.39496855345912,0.030561797752809,0.00584516129032258,72.0686390532544,1016.8,2.72,0.906000000000001,12179.6,71,110,44,0,73,2,58,2,26,0,65,0,7.61815384615385,0.0300049099836334,0.00513884785819794,71.4851595006935,4951.8,18.333,3.479,51540.8
5F850,C,F,1191,3,4.25,4,-0.879117024674527,0.209004353,0.000215691,4.5,2.505244,17.5396,0.7834879464434802,16.8725,19.0386,0.181902,0.006934265642445497,0.174,0.19411,9.85577,0.6504132584578651,8.2436,10.5518,1.00041e-05,4.121757985239422e-09,1e-05,1.0011e-05,0.00286661,0.00011305762984720072,0.0026683,0.002996,348.8441050578907,1.6236387108897918,0.10852235952332151,1.4256201988056283,1.799813526921148,111,174,173,124,1038,91,71,0,895,4,0,0,11.1041558441558,0.0198494850805387,0.00884371700105593,51.8112587959343,42751.0,75.1699999999999,33.4999999999999,198799.8,3,32,32,1,14,0,59,5,58,13,0,6.1991643454039,0.0293454281567489,0.00579970972423803,59.1025,4451.0,20.219,3.996,42553.8,451,378,382,6,1330,117,541,96,1284,6,284,3,9.30777338603426,0.0238076471355866,0.00743230186708445,60.2114996888612,70646.0,182.438,56.9239999999998,483799.4,2817,2949,2667,37,5044,373,2041,205,3825,26,993,26,9.84047656007451,0.0266095334685599,0.00691091133575135,61.1252837326608,253569.4,682.162,179.117000000004,1745004.6,28585,0,44,14,0,21,0,43,13,26,0,33,3,9.81420118343195,0.037992,0.00746451612903226,74.294674556213,1658.6,4.749,1.157,12555.8,71,113,47,0,94,2,77,15,44,0,80,3,9.34553846153846,0.0303190789473684,0.00577299703264095,71.7472954230236,6074.6,18.434,3.891,51729.8
AEC96,C,M,1216,3,5.26,5,-0.504404403968527,0.287963606,0.000297176,5.0,5.249448,16.315530000000003,0.8478919585916854,15.2347,17.497,0.17887,0.01252896200364935,0.16562,0.1957,3.48831,0.81104189294457,2.0659,4.4361,0.0072817444,0.01533361033261435,1e-05,0.037117,0.0020531530000000003,0.0008097630806332595,0.00052275,0.0025899,487.0557625271959,0.8882046060986427,0.3708866415043795,0.664735670369812,1.593201845854732,111,174,173,124,1038,91,71,0,895,4,0,0,11.1041558441558,0.0198494850805387,0.00884371700105593,51.8112587959343,42751.0,75.1699999999999,33.4999999999999,198799.8,3,32,32,1,14,0,59,5,58,13,0,6.1991643454039,0.0293454281567489,0.00579970972423803,59.1025,4451.0,20.219,3.996,42553.8,451,378,382,6,1273,112,541,96,1284,6,284,3,9.07083003952569,0.0238076471355866,0.00743230186708445,60.2114996888612,68847.6,182.438,56.9239999999998,483799.4,2818,2999,2717,37,5067,370,2136,215,3850,26,1054,26,9.73441802252816,0.0266922401283128,0.00689375850083133,61.3340469328942,256667.4,698.963,182.464000000004,1787764.8,29185,0,14,14,0,11,0,34,5,10,0,29,0,5.22366863905325,0.0311354838709677,0.00660645161290323,72.7715976331361,882.8,4.826,1.024,12298.4,1,60,60,0,80,2,133,23,51,0,94,3,8.24833333333333,0.0317942511346445,0.0064750378214826,72.1642163661581,5938.8,21.016,4.28,52030.4
65244,C,M,1213,3,6.13,6,0.547964153345978,0.362456398,0.000374052,5.0,1.692,13.31853,1.016780462538497,12.1482,14.6389,0.127006,0.012113443587830654,0.11284,0.14341,5.07044,0.8213228248786631,3.7222,6.3143,1.00214e-05,4.379802126428383e-08,1e-05,1.0132e-05,0.0039273599999999995,0.0004059504381352755,0.0035887,0.0045837,254.6239713191559,0.7381152221419446,0.03728529849315788,0.6882449095242685,0.803728266417602,111,174,173,124,1038,91,71,0,895,4,0,0,11.1041558441558,0.0198494850805387,0.00884371700105593,51.8112587959343,42751.0,75.1699999999999,33.4999999999999,198799.8,3,32,32,1,14,0,59,5,58,13,0,6.1991643454039,0.0293454281567489,0.00579970972423803,59.1025,4451.0,20.219,3.996,42553.8,451,378,382,6,1320,117,541,96,1284,6,284,3,9.28484848484849,0.0238076471355866,0.00743230186708445,60.2114996888612,70472.0,182.438,56.9239999999998,483799.4,2818,2993,2711,37,5115,375,2131,215,3850,26,1052,26,9.83625023768777,0.0266934532924962,0.00689860616619967,61.3164878250103,258644.2,697.233,182.137000000004,1782838.2,29113,0,14,14,0,11,0,40,5,10,0,27,0,7.28520710059172,0.0320903225806452,0.0069483870967742,73.4745562130177,1231.2,4.974,1.077,12417.2,1,112,60,0,99,2,133,23,51,0,92,3,9.40305555555556,0.0325451559934318,0.00649319213313162,72.2890429958391,6770.2,19.82,4.292,52120.4
81B22,C,M,1236,3,4.93,5,-1.01544100967101,0.26124148,0.000269599,4.5,14.454112,19.91738,0.5652535513672899,19.3002,20.7744,0.177389,0.004856812969656359,0.1715,0.18398,7.90404,0.2778075160970269,7.5124,8.2782,1.00227e-05,3.1724683695122144e-08,1e-05,1.0097e-05,0.00368681,0.0002178056138956121,0.0034836,0.0041028,271.23719421396817,0.5201608735362325,0.029775639453211933,0.48659552513863574,0.5566142304867135,100,175,174,125,1014,91,65,0,885,4,0,0,10.9202797202797,0.0199020073956682,0.00880512278848689,51.7394681960375,42163.2,75.3489999999999,33.3449999999999,198472.6,2,31,31,0,14,0,64,5,60,13,0,6.23783031988873,0.0293449275362319,0.00575652173913044,59.6515950069348,4485.0,20.248,3.972,43008.8,451,378,405,6,1321,117,539,96,1282,6,284,3,9.29275362318841,0.0237942059245727,0.00744224724986902,60.1743123833229,70532.0,182.335,56.8289999999998,483500.6,2818,3020,2738,36,4078,225,2228,227,3893,26,1141,29,7.93520318843817,0.0267671232876712,0.00690704497344687,61.5569003341321,213036.4,713.209999999999,185.986000000004,1823869.4,29665,0,7,7,0,0,0,14,0,5,0,7,0,1.63076923076923,0.0283703703703704,0.00648148148148148,68.8094674556213,275.6,4.596,1.05,11628.8,1,41,41,0,0,0,137,17,53,0,116,3,1.56333333333333,0.0310441176470588,0.00721764705882352,73.5647711511789,1125.6,21.11,4.908,53040.2
E62B2,C,M,1226,3,6.64,7,1.07734321356946,0.408718948,0.000421795,5.0,8.26,9.104769999999998,0.7791560962562849,8.0141,10.5748,0.0838905,0.004869039495743603,0.077852,0.09427,7.921550000000001,0.5595471308716242,6.7157,8.4843,1.00003e-05,6.749485577102203e-10,1e-05,1.0002e-05,0.004727230000000001,0.0004952854127784413,0.0041107,0.0057364,211.54037353799157,0.7238334286980127,0.04334727112773639,0.6569443586397988,0.7840615824498868,100,175,174,125,1035,91,65,0,885,4,0,0,11.0551670551671,0.0199020073956682,0.00880512278848689,51.7394681960375,42684.0,75.3489999999999,33.3449999999999,198472.6,2,31,31,0,14,0,64,5,60,13,0,6.23783031988873,0.0293449275362319,0.00575652173913044,59.6515950069348,4485.0,20.248,3.972,43008.8,451,378,405,6,1313,117,539,96,1282,6,284,3,9.16790513833992,0.0237942059245727,0.00744224724986902,60.1743123833229,69584.4,182.335,56.8289999999998,483500.6,2818,3010,2728,36,5116,375,2206,227,3885,26,1126,29,9.73361145563198,0.0267522241150861,0.00691021463085754,61.4855422096703,258982.2,706.66,184.482000000004,1806998.6,29425,0,7,7,0,11,0,51,8,22,0,48,3,7.99289940828402,0.0363086419753086,0.00847530864197531,78.3952662721893,1350.8,5.882,1.373,13248.8,1,51,51,0,25,0,150,17,56,0,122,3,7.19555555555556,0.0317940298507462,0.00717164179104477,74.1364771151179,5180.8,21.302,4.805,53452.4
C6F42,C,F,1169,3,5.2,5,0.7900098745969,0.283040483,0.000292095,4.5,5.288,18.7459,0.21416863552921248,18.4478,19.1292,0.16262600000000002,0.003112598771302067,0.15857,0.16883,7.29953,0.37333669656223184,6.8551,7.8415,1.02877e-05,3.7756766869588343e-07,1e-05,1.0845e-05,0.0030463200000000004,4.80461074848363e-05,0.0029738,0.0031382,328.26492292339606,0.36837695512515417,0.009548155047640472,0.3519319585708878,0.3797025821837531,100,175,174,125,1035,91,65,0,885,4,0,0,11.0551670551671,0.0199020073956682,0.00880512278848689,51.7394681960375,42684.0,75.3489999999999,33.3449999999999,198472.6,2,31,31,0,14,0,64,5,60,13,0,6.23783031988873,0.0293449275362319,0.00575652173913044,59.6515950069348,4485.0,20.248,3.972,43008.8,451,378,405,6,1281,115,539,96,1282,6,284,3,8.86768115942029,0.0237942059245727,0.00744224724986902,60.1743123833229,67305.7,182.335,56.8289999999998,483500.6,2746,2843,2627,36,4891,369,1995,192,3791,26,957,23,9.63225080004741,0.0265686126754978,0.00693672827369262,60.9760750865422,243801.9,669.901000000001,176.401000000003,1708610.6,28057,0,7,7,0,25,0,22,1,6,0,35,0,8.90769230769231,0.0340185185185185,0.00590123456790124,76.6485207100592,1505.4,5.511,0.956000000000001,12953.6,2,31,31,0,57,0,94,6,36,0,68,0,7.57218358831711,0.0342217391304348,0.00510434782608696,70.548959778086,5444.4,23.613,3.522,50865.8
EB46C,C,F,1169,3,3.8,4,-1.45630448863226,0.176643091,0.000182294,4.0,7.08,41.126310000000004,1.8266266147981343,39.2572,44.4042,0.25026,0.010833611278485733,0.23136,0.26741,9.678120000000002,2.231239794772802,6.9848,14.1591,1.0000699999999999e-05,1.636391694484154e-09,1e-05,1.0005e-05,0.0020963399999999995,0.0001639533551552595,0.0018715,0.002317,477.02185714149437,1.0171968891362781,0.13784739888791503,0.8165069682942732,1.189720905297866,100,175,174,125,1024,91,59,0,879,4,0,0,11.016317016317,0.0199160063391442,0.00878531819382093,51.656882168926,42534.0,75.4019999999999,33.2699999999998,198155.8,2,31,31,0,15,0,68,5,65,13,0,6.20723226703755,0.0290289855072464,0.00576376811594203,60.2382801664355,4463.0,20.03,3.977,43431.8,451,378,428,6,1009,79,535,96,1277,6,284,3,8.18188405797102,0.0238252642568185,0.00744424011559173,60.1449657747355,62100.5,182.573,56.6729999999998,483264.8,2746,2843,2627,36,4602,333,1995,192,3791,26,957,23,9.411461419936,0.0265595304196082,0.00693405426661437,60.9851325791371,238213.5,669.672000000001,176.333000000003,1708864.4,28057,0,7,7,0,9,0,16,1,5,0,30,0,6.9207100591716,0.0328456790123457,0.0052962962962963,74.9869822485207,1169.6,5.321,0.858000000000001,12672.8,1,30,30,0,57,0,89,6,36,0,68,0,7.42861111111111,0.033985528219971,0.00506946454413893,70.2768377253814,5348.6,23.484,3.503,50669.6
4259D,C,F,1194,3,3.93,4,-1.41231151035213,0.185804135,0.000191748,3.5,15.962667,40.65066,0.7375403570125657,39.4728,41.715,0.313089,0.008533497980182433,0.30124,0.32659,6.603149999999999,0.9480842968264421,5.8798,9.1666,1.03196e-05,5.722672646781591e-07,1e-05,1.1826e-05,0.0021138,9.064564707327834e-05,0.0019149,0.0022142,473.08165389346203,0.38870522243949734,0.019357278992400834,0.3681773323785561,0.4377588346043044,100,175,174,125,1024,91,59,0,879,4,0,0,11.016317016317,0.0199160063391442,0.00878531819382093,51.656882168926,42534.0,75.4019999999999,33.2699999999998,198155.8,2,31,31,0,15,0,68,5,65,13,0,6.20723226703755,0.0290289855072464,0.00576376811594203,60.2382801664355,4463.0,20.03,3.977,43431.8,451,378,428,6,1330,117,535,96,1277,6,284,3,9.30487483530962,0.0238252642568185,0.00744424011559173,60.1449657747355,70624.0,182.573,56.6729999999998,483264.8,2816,2956,2674,36,5114,375,2056,210,3829,26,1004,26,9.89249642041717,0.0266133613478075,0.00690613093176321,61.1736976346039,255632.0,683.99,179.442000000004,1750852.4,28657,0,14,14,0,68,2,35,18,22,0,28,3,13.4733727810651,0.0347032258064516,0.00689032258064516,72.1644970414201,2277.0,5.379,1.068,12195.8,70,118,52,0,109,4,72,19,38,0,60,3,9.97235023041475,0.0301028192371476,0.0054678624813154,70.3742024965326,6492.0,18.152,3.658,50739.8
1E05B,C,F,1181,3,5.45,5,1.11213262884407,0.303739668,0.000313457,4.5,2.355142,15.615509999999997,1.5929324157038172,13.0035,17.4793,0.167071,0.0172559435493333,0.14297,0.19671,6.12337,1.8109187073293918,2.6582,7.6498,0.020002500000000003,0.042147891095917635,1e-05,0.099984,0.0024481710000000003,0.0011990463036231013,0.00022064,0.0035742,408.4681993210441,1.5475494507976069,0.21568957620689702,1.14445871182906,1.7609105785302503,98,175,174,125,920,88,54,0,850,3,0,0,10.377633963241,0.0200087163232963,0.00864166886717714,51.5372262773723,40088.8,75.753,32.7259999999998,197696.8,2,31,31,0,15,0,77,5,66,13,0,6.43671766342142,0.0292666666666667,0.00576956521739131,61.331761442441,4628.0,20.194,3.981,44220.2,451,378,474,6,1301,116,527,96,1272,6,284,3,9.05030303030303,0.0238777241289313,0.00745566274613451,60.0439327940261,68691.8,182.975,56.4169999999998,482453.0,2816,2925,2650,36,5007,371,1996,192,3795,26,960,23,9.79280817893376,0.0265371361132966,0.00690932087954869,61.0781800840722,250000.6,674.574000000001,177.535000000004,1729062.2,28345,70,73,14,0,19,0,0,0,0,0,3,0,9.33131313131313,0.02078125,0.00488387096774194,70.6520710059172,923.8,1.995,0.757,11940.2,71,100,41,0,73,2,46,2,29,0,53,0,8.01969230769231,0.0296392914653784,0.00512205882352942,70.8735090152566,5212.8,18.406,3.483,51099.8
53AD8,C,F,1180,3,4.83,5,0.123920002203374,0.253317308,0.000261421,4.5,7.27,16.732580000000002,0.561633365580548,15.5286,17.3973,0.165328,0.004591022156823517,0.15575,0.1697,6.939079999999999,0.6433312034507057,6.0523,8.5084,1e-05,0.0,1e-05,1e-05,0.00286827,0.00012132774758204875,0.0027254,0.0030766,348.6422129018537,1.465942098595856,0.022977611530688204,1.442568280168333,1.5249752936369831,98,175,174,125,1004,91,54,0,850,3,0,0,10.8848045560445,0.0200087163232963,0.00864166886717714,51.5372262773723,42048.0,75.753,32.7259999999998,197696.8,2,31,31,0,15,0,77,5,66,13,0,6.43671766342142,0.0292666666666667,0.00576956521739131,61.331761442441,4628.0,20.194,3.981,44220.2,451,378,474,6,1334,118,527,96,1272,6,284,3,9.32108036890646,0.0238777241289313,0.00745566274613451,60.0439327940261,70747.0,182.975,56.4169999999998,482453.0,2816,2901,2648,36,5006,373,1996,192,3795,26,960,23,9.83347578906097,0.0265371361132966,0.0069113855022788,61.0737705497613,250802.8,674.574000000001,177.436000000004,1727471.6,28321,70,51,14,0,1,0,0,0,1,0,3,0,4.00808080808081,0.0213813559322034,0.00502580645161291,71.1846153846154,396.8,2.523,0.779,12030.2,71,77,40,0,54,2,46,2,30,0,53,0,7.03815384615385,0.0298509316770186,0.00507782672540382,70.6812760055479,4574.8,19.224,3.458,50961.2
9E4A0,C,M,1222,3,4.73,5,-1.17024717317944,0.245475251,0.000253328,4.5,0.05395,13.583769999999998,1.6994590878341913,11.3241,15.9179,0.130388,0.01281961933912236,0.11568,0.15077,9.19697,1.299490852475179,7.2684,10.6384,1e-05,0.0,1e-05,1e-05,0.0029887000000000004,0.0002332809226852656,0.0026776,0.0032962,334.59363602904267,0.7718664634048029,0.0317156399261954,0.726125040176,0.8107483660769712,98,175,174,125,0,0,50,0,834,3,0,0,2.16173958063681,0.0199619651347068,0.00858014259308156,51.5001564129302,8350.8,75.576,32.4929999999998,197554.6,3,32,34,0,0,0,84,5,71,13,0,1.30640668523677,0.0296792452830189,0.00584570596797671,61.581414701803,938.0,20.449,4.016,44400.2,451,381,481,6,3,0,521,96,1267,6,284,3,1.86769433465085,0.0238808093994778,0.00745052910052908,60.004505289359,14175.8,182.927,56.3259999999999,482136.2,2818,3006,2724,36,3607,231,2204,227,3881,26,1126,29,7.25272528384444,0.0267494966379212,0.0069141890622065,61.5102174580958,192277.0,704.127,183.952000000004,1801818.8,29329,0,7,7,0,11,0,51,8,22,0,48,3,7.99289940828402,0.0363086419753086,0.00847530864197531,78.3952662721893,1350.8,5.882,1.373,13248.8,1,51,51,0,25,0,150,17,56,0,122,3,7.19555555555556,0.0317940298507462,0.00717164179104477,74.1364771151179,5180.8,21.302,4.805,53452.4
910FB,C,M,1225,3,6.45,6,0.857331670029098,0.391266926,0.000403784,4.5,4.5979,15.69938,1.1528355407429103,14.5842,17.5599,0.13582700000000003,0.016114618656500823,0.12139,0.16335,7.74272,1.1010918700191288,5.8592,8.7106,1.0007e-05,1.501110699892982e-08,1e-05,1.0045e-05,0.0036983100000000007,0.00034472669190405185,0.003139,0.0040363,270.3937744537369,0.6054139694534639,0.05897855410460133,0.5190023653282407,0.66607684645221,98,175,174,125,991,91,50,0,834,3,0,0,10.8086979031841,0.0199619651347068,0.00858014259308156,51.5001564129302,41754.0,75.576,32.4929999999998,197554.6,3,32,34,0,15,0,84,5,71,13,0,6.53203342618384,0.0296792452830189,0.00584570596797671,61.581414701803,4690.0,20.449,4.016,44400.2,451,381,481,6,1295,116,521,96,1267,6,284,3,9.14189723320158,0.0238808093994778,0.00745052910052908,60.004505289359,69387.0,182.927,56.3259999999999,482136.2,2818,3009,2727,36,5101,373,2212,227,3884,26,1134,29,9.74882443667005,0.026754281600485,0.00691351128439694,61.539921675464,259153.0,706.099,184.411000000004,1807119.8,29401,0,7,7,0,10,0,32,4,20,0,33,0,6.08639053254438,0.0327037037037037,0.00816666666666667,75.8710059171598,1028.6,5.298,1.323,12822.2,1,48,48,0,30,0,145,17,57,0,126,3,7.16472222222222,0.0315720653789004,0.00727488855869242,74.4760055478502,5158.6,21.248,4.896,53697.2
3BA45,C,M,1230,3,6.08,6,0.387686465456614,0.358021742,0.000369475,4.5,2.403977,21.37016,0.42552772255949106,20.7564,22.0666,0.161935,0.007010668457588209,0.1507,0.17066,5.91492,0.37053516792157076,5.4579,6.6234,1.03668e-05,6.150818915667515e-07,1e-05,1.1972e-05,0.00318836,9.134148625411738e-05,0.0030248,0.0033211,313.64086865974986,0.49445868837946944,0.012676446995846583,0.4793184636483688,0.5247815260627431,98,175,174,125,973,90,50,0,812,3,0,0,10.6746052290966,0.0201428948758584,0.00846395563770791,51.4222627737226,41236.0,76.261,32.0529999999998,197255.8,3,32,34,0,1,0,85,5,73,13,0,3.14707520891365,0.0294078374455733,0.00588937409024745,62.5775312066574,2259.6,20.262,4.046,45118.4,451,381,481,6,877,109,520,96,1274,6,284,3,6.00793148880106,0.0238815926892951,0.00746349206349204,59.8960796515245,45600.2,182.933,56.4239999999998,481265.0,2818,3014,2732,36,4532,362,2226,227,3889,26,1141,29,8.35357824963487,0.026756403968763,0.00691668222031445,61.5924639647278,223065.6,709.232,185.291000000004,1816053.8,29521,0,7,7,0,0,0,14,0,5,0,7,0,1.63076923076923,0.0283703703703704,0.00648148148148148,68.8094674556213,275.6,4.596,1.05,11628.8,1,41,41,0,0,0,137,17,53,0,116,3,1.56333333333333,0.0310441176470588,0.00721764705882352,73.5647711511789,1125.6,21.11,4.908,53040.2
BB465,C,F,1184,3,4.5,5,-0.431903320286655,0.227754864,0.000235041,4.5,0.7489,16.37937,0.7301453691636423,15.5034,17.4846,0.18100600000000003,0.010252103523992855,0.17196,0.1955,8.14982,0.7068393182172155,6.9783,9.1164,1.0024100000000001e-05,7.58601783985949e-08,1e-05,1.024e-05,0.0028021999999999995,6.232827073915445e-05,0.0026984,0.0028882,356.8624652059097,1.4659094418912495,0.09495767622457685,1.401750946221248,1.7102460262770456,98,175,174,125,973,90,50,0,812,3,0,0,10.6746052290966,0.0201428948758584,0.00846395563770791,51.4222627737226,41236.0,76.261,32.0529999999998,197255.8,3,32,34,0,11,0,85,5,73,13,0,6.04958217270195,0.0294078374455733,0.00588937409024745,62.5775312066574,4343.6,20.262,4.046,45118.4,451,381,481,6,1329,118,520,96,1274,6,284,3,9.23175230566535,0.0238815926892951,0.00746349206349204,59.8960796515245,70069.0,182.933,56.4239999999998,481265.0,2816,2941,2659,36,5051,373,2039,205,3821,26,993,26,9.85424788094215,0.0265903595540901,0.00692212128270843,61.1665832775448,252278.6,677.416000000001,178.300000000004,1735968.8,28417,0,44,14,0,21,0,43,13,26,0,33,3,9.81420118343195,0.037992,0.00746451612903226,74.294674556213,1658.6,4.749,1.157,12555.8,71,113,47,0,94,2,77,15,44,0,80,3,9.34553846153846,0.0303190789473684,0.00577299703264095,71.7472954230236,6074.6,18.434,3.891,51729.8
59009,C,F,1191,3,4.57,5,-0.365673741650719,0.233100911,0.000240558,4.5,4.42,19.017480000000003,1.0543339759719823,17.4805,20.5961,0.19362000000000001,0.014288352676996121,0.1724,0.21312,8.224150000000002,0.9939811045040601,7.1061,10.2973,1.21898e-05,4.260143523925508e-06,1.0003e-05,2.3757e-05,0.0026053,0.00014023054826487217,0.0024117,0.0028174,383.83295589759337,0.2873337524431329,0.024872659371001766,0.26428383167036634,0.3279973123531398,98,175,174,125,969,90,50,0,813,3,0,0,10.6362930365001,0.0202517168515584,0.00844177449168203,51.380031282586,41088.0,76.673,31.9689999999998,197093.8,3,32,34,0,11,0,85,5,77,13,0,6.55431754874652,0.0290014513788099,0.00599272197962154,63.2865464632455,4706.0,19.982,4.117,45629.6,451,381,481,6,1307,118,523,96,1270,6,284,3,9.18727272727273,0.0239096605744126,0.00745436507936506,59.8425388923459,69731.4,183.148,56.3549999999999,480834.8,2817,2956,2674,36,5000,366,2061,210,3824,26,1004,26,9.78051071095933,0.0266081001989934,0.0069136660105748,61.221107569442,252024.2,681.939000000001,179.140000000004,1747801.4,28585,1,14,14,0,17,0,13,0,1,0,3,0,7.57023809523809,0.0284387096774194,0.00471612903225807,66.7112426035503,1271.8,4.408,0.731,11274.2,71,121,55,0,108,4,74,19,39,0,53,3,9.55353846153846,0.0295966666666666,0.00547897897897898,69.6502080443828,6209.8,17.758,3.649,50217.8
3411C,C,F,1161,3,4.74,5,0.104605028993629,0.246255737,0.000254134,4.0,2.735857,29.75616,0.7018622121819125,29.0211,31.0538,0.23442599999999997,0.006729383660072027,0.22647,0.24774,7.587940000000001,0.2702738948219421,7.3063,8.269,1.23519e-05,5.6192834942623144e-06,1e-05,2.7742e-05,0.00221692,8.219463080599199e-05,0.0020992,0.0023748,451.0762679753893,0.4188362998025502,0.032826077904062625,0.395478814215122,0.49862604279199757,98,175,174,125,968,90,53,0,815,3,0,0,10.6300802485115,0.020256207078711,0.00845629786110373,51.3537539103233,41064.0,76.69,32.0239999999998,196993.0,3,32,34,0,12,0,91,5,79,20,0,6.7033426183844,0.0293134978229318,0.0060174672489083,64.130374479889,4813.0,20.197,4.134,46238.0,454,381,481,6,1322,118,514,96,1269,6,277,3,9.18817714511665,0.0238984334203656,0.00745066137566136,59.7811574362165,69710.7,183.062,56.3269999999999,480341.6,2746,2835,2619,36,4919,363,1990,192,3781,26,957,23,9.7610772721844,0.0265490611266481,0.00694973461142373,61.0232131948687,245188.5,664.523000000001,175.453000000003,1698215.0,27865,0,7,7,0,25,0,22,1,6,0,35,0,8.90769230769231,0.0340185185185185,0.00590123456790124,76.6485207100592,1505.4,5.511,0.956000000000001,12953.6,2,31,31,0,55,0,94,6,36,0,68,0,6.02447844228095,0.0342217391304348,0.00510434782608696,70.548959778086,4331.6,23.613,3.522,50865.8
29A50,C,M,1228,3,5.83,6,0.102255332842298,0.336124629,0.000346878,4.5,2.265965,19.36911,0.7828985906375246,18.557,20.5248,0.166321,0.010481659590817564,0.15529,0.18129,6.972399999999999,0.45180148049533636,6.3197,7.5178,1.10379e-05,1.6441600658762583e-06,1.0024e-05,1.5339e-05,0.0040602400000000006,0.00024255618913746326,0.0036794,0.0044316,246.2908596536165,0.42256649021777326,0.011273602444054044,0.41028033992258994,0.44725471606318107,98,175,174,125,968,90,53,0,815,3,0,0,10.6300802485115,0.020256207078711,0.00845629786110373,51.3537539103233,41064.0,76.69,32.0239999999998,196993.0,3,32,34,0,12,0,91,5,79,20,0,6.7033426183844,0.0293134978229318,0.0060174672489083,64.130374479889,4813.0,20.197,4.134,46238.0,454,381,481,6,1334,118,514,96,1269,6,277,3,9.3100698563332,0.0238984334203656,0.00745066137566136,59.7811574362165,70635.5,183.062,56.3269999999999,480341.6,2818,3012,2730,36,4885,371,2223,227,3883,26,1141,29,9.20886512849371,0.0267500094478667,0.00691911902180024,61.6052518938751,245462.3,707.832,185.038000000004,1813473.8,29473,0,7,7,0,0,0,14,0,5,0,7,0,1.63076923076923,0.0283703703703704,0.00648148148148148,68.8094674556213,275.6,4.596,1.05,11628.8,1,41,41,0,0,0,137,17,53,0,116,3,1.56333333333333,0.0310441176470588,0.00721764705882352,73.5647711511789,1125.6,21.11,4.908,53040.2
D8A70,C,F,1147,3,5.71,6,1.75315225971059,0.325779435,0.000336202,4.5,1.191464,15.975530000000001,0.8403811847409879,14.4579,17.5674,0.12609700000000001,0.00751461398431971,0.11619,0.13999,9.231729999999999,0.6415820083546956,8.2974,10.007,2.9825100000000004e-05,3.867846533911201e-05,1.0001e-05,0.00013114,0.0051440800000000005,0.00013726296579113308,0.0049847,0.0054088,194.3982208674826,0.2924987669635248,0.01625424206572763,0.2711162648839448,0.3266166128158414,98,175,174,125,968,90,54,0,819,3,0,0,10.6295625161791,0.0202514527205494,0.0084700290467388,51.380031282586,41062.0,76.672,32.0759999999998,197093.8,3,32,34,0,13,0,102,8,76,28,0,6.72033426183844,0.030133526850508,0.00589228529839884,64.8893203883495,4825.2,20.762,4.048,46785.2,478,381,481,6,1333,118,502,93,1265,6,269,3,9.31006214465159,0.0238420365535248,0.00744841269841268,59.7143995021779,70412.0,182.63,56.3099999999999,479805.2,2745,2821,2605,36,4963,371,1949,190,3756,26,907,23,9.93310200129115,0.0264622794236685,0.00696268656716431,60.8618702942567,246182.0,653.830000000002,173.538000000003,1673275.4,27529,0,7,7,0,5,0,13,4,5,0,9,0,5.56686390532544,0.0319074074074074,0.00469753086419753,68.0319526627219,940.8,5.169,0.761,11497.4,2,31,31,0,92,0,127,5,38,0,27,0,8.93991655076495,0.0353724637681159,0.00518985507246377,67.2160887656033,6427.8,24.407,3.581,48462.8
1DC4A,C,F,1160,3,4.8,5,0.207459378778526,0.25095603,0.000258985,4.5,32.0,20.93801,0.7477335152906337,20.0797,22.0708,0.20015999999999998,0.007255194307835213,0.19074,0.21445,7.731670000000001,0.4674563248760966,6.5969,8.1809,1.00122e-05,1.9719139039127672e-08,1e-05,1.0064e-05,0.00308846,0.0001453541208375065,0.0029154,0.0033461,323.78596452600976,0.3770681390410478,0.034360318261873204,0.34190995189288187,0.4266128716138683,98,175,174,125,910,89,57,0,821,3,0,0,9.99233756148072,0.020229265715795,0.00848508053868493,51.4593326381648,38600.4,76.588,32.1329999999998,197398.0,3,32,34,0,17,0,102,8,76,28,0,7.09888579387187,0.0302525399129173,0.00591994177583697,65.0790568654646,5097.0,20.844,4.067,46922.0,502,381,481,6,1073,84,503,93,1263,6,269,3,8.19300968298183,0.0238464751958225,0.007440873015873,59.684156813939,61767.1,182.664,56.2529999999999,479562.2,2746,2834,2618,36,4695,337,1986,192,3771,26,957,23,9.52557481570034,0.026556644139641,0.0069443761646118,61.0216579751843,239044.3,664.102000000001,175.158000000003,1696707.2,27841,0,7,7,0,9,0,16,1,5,0,30,0,6.9207100591716,0.0328456790123457,0.0052962962962963,74.9869822485207,1169.6,5.321,0.858000000000001,12672.8,1,30,30,0,57,0,89,6,36,0,68,0,7.42861111111111,0.033985528219971,0.00506946454413893,70.2768377253814,5348.6,23.484,3.503,50669.6
87EC7,C,M,1219,3,5.81,6,0.13184684904234,0.334392922,0.000345091,4.5,2.85823,16.263289999999998,0.3789503850550005,15.6471,16.8831,0.160524,0.005117204531990313,0.1534,0.16729,7.2639,0.33673971814708437,6.7132,7.8077,1.00018e-05,4.6856755708811966e-09,1e-05,1.0015e-05,0.00359741,0.00013386767471400014,0.0032854,0.0037755,277.9777673381683,0.49210440914831777,0.02367641597420208,0.45834959128038133,0.5239971699401351,98,175,174,125,968,90,57,0,821,3,0,0,10.6450944861507,0.020229265715795,0.00848508053868493,51.4593326381648,41122.0,76.588,32.1329999999998,197398.0,3,32,34,0,17,0,102,8,76,28,0,7.09888579387187,0.0302525399129173,0.00591994177583697,65.0790568654646,5097.0,20.844,4.067,46922.0,502,381,481,6,1313,118,503,93,1263,6,269,3,9.1600079586152,0.0238464751958225,0.007440873015873,59.684156813939,69057.3,182.664,56.2529999999999,479562.2,2818,3003,2721,36,5121,375,2205,227,3868,26,1134,29,9.78052498203412,0.0267478860364135,0.00691931715405502,61.5619862427706,258587.3,702.239,183.611000000004,1798902.8,29257,0,7,7,0,10,0,32,4,20,0,33,0,6.08639053254438,0.0327037037037037,0.00816666666666667,75.8710059171598,1028.6,5.298,1.323,12822.2,1,48,48,0,30,0,145,17,57,0,126,3,7.16472222222222,0.0315720653789004,0.00727488855869242,74.4760055478502,5158.6,21.248,4.896,53697.2
6BDDE,C,F,1191,3,5.05,5,0.404491182884994,0.27085771,0.000279523,4.0,32.0,22.01387,1.5021302325919232,20.4579,24.3223,0.179883,0.015033869207005,0.16444,0.20367,9.70664,0.8406750623424277,8.2829,10.7186,1.00004e-05,6.99205898779696e-10,1e-05,1.0002e-05,0.00336329,0.00029028946645259687,0.0030068,0.003687,297.32791403655347,0.5927078255481654,0.03172657322573536,0.5671330953300779,0.667412339714686,98,175,174,125,958,90,65,0,820,3,0,0,10.4856847010096,0.0203291072371896,0.0084803274359651,51.5822732012513,40506.2,76.966,32.1149999999998,197869.6,3,32,34,0,17,0,95,8,73,28,0,7.04874651810585,0.0301030478955007,0.00584279475982533,64.9592233009709,5061.0,20.741,4.014,46835.6,526,381,481,6,1329,118,502,93,1265,6,269,3,9.31430472388556,0.0238613577023499,0.0074419312169312,59.6610827629122,69997.0,182.778,56.2609999999999,479376.8,2817,2960,2678,36,4947,315,2064,210,3815,26,1025,26,9.70104781123874,0.0266266146341464,0.00691048751302751,61.2692773827454,249976.6,682.307000000001,179.030000000004,1749176.6,28585,1,14,14,0,0,0,25,0,9,0,21,0,5.12857142857143,0.0301806451612903,0.0059483870967742,72.3988165680474,861.6,4.678,0.922,12235.4,71,125,59,0,100,4,86,18,47,0,68,3,9.48246153846154,0.03,0.00588066465256798,71.0832177531207,6163.6,17.88,3.893,51251.0
80F64,C,M,1217,3,5.04,5,-0.771952101437605,0.270051921,0.000278691,4.5,2.035,15.818819999999999,0.9618418855970502,14.6267,17.3245,0.17914999999999998,0.010561760164753686,0.1657,0.19386,7.9052500000000006,0.6912741781988131,6.844,8.8287,1.0038700000000001e-05,4.5736078634802726e-08,1e-05,1.0107e-05,0.0029815700000000002,0.00011825426513332282,0.0028038,0.0031151,335.3937690545585,0.48938521180809513,0.036695630791554225,0.45416963573262165,0.5735587612737936,99,175,174,125,968,90,73,0,825,3,4,0,10.6740031071983,0.0204025356576862,0.00849564298917344,51.7099061522419,41223.0,77.244,32.1729999999998,198359.2,2,33,35,0,17,0,93,8,75,24,0,7.06119610570236,0.0300072674418604,0.0058265306122449,64.5472954230236,5077.0,20.645,3.997,46538.6,536,382,482,6,1290,116,496,93,1263,6,269,3,9.08399733510993,0.0238580754667711,0.00743762402434183,59.6263596764157,68175.4,182.729,56.2209999999999,479097.8,2817,3001,2719,36,4890,372,2189,227,3861,26,1130,29,9.61298878448014,0.0267338980463981,0.00691864854662151,61.5425084838721,253706.0,700.642,183.275000000004,1795379.6,29209,0,7,7,0,10,0,32,4,20,0,33,0,6.08639053254438,0.0327037037037037,0.00816666666666667,75.8710059171598,1028.6,5.298,1.323,12822.2,1,48,48,0,30,0,145,17,57,0,126,3,7.16472222222222,0.0315720653789004,0.00727488855869242,74.4760055478502,5158.6,21.248,4.896,53697.2
84828,C,F,1173,3,4.28,4,-0.712474500968275,0.211225847,0.000217983,4.5,15.014908,14.77354,0.4399946065326005,13.9519,15.1797,0.188015,0.004179096792370327,0.18013,0.19221,9.23752,0.3857075973670553,8.7955,10.1184,1.00051e-05,9.036346360977611e-09,1e-05,1.0027e-05,0.00297516,4.996590393013575e-05,0.0028948,0.003038,336.1163769343497,1.4322748224863289,0.05742464990750451,1.3834248615161244,1.564613296804675,99,175,174,125,854,87,89,5,822,3,13,0,10.050595546349,0.0206796090861067,0.00847583839450748,51.9449947862357,38815.4,78.2929999999999,32.0979999999998,199261.0,2,33,35,0,25,0,91,8,67,15,0,7.22392211404729,0.0300741279069767,0.00575364431486881,63.9056865464632,5194.0,20.691,3.947,46076.0,536,382,482,6,1321,118,482,88,1258,6,269,3,9.2674217188541,0.0237997127562345,0.00741844159280326,59.5416801493466,69552.0,182.282,56.0759999999998,478417.4,2815,2927,2645,36,5033,373,1974,187,3763,26,959,23,9.89011760991396,0.0265254895742488,0.00691061627724649,61.0912828537895,250595.8,669.132000000001,176.276000000004,1717703.6,28153,10,80,14,0,19,0,17,0,5,0,15,0,6.39496855345912,0.030561797752809,0.00584516129032258,72.0686390532544,1016.8,2.72,0.906000000000001,12179.6,71,110,44,0,73,2,58,2,26,0,65,0,7.61815384615385,0.0300049099836334,0.00513884785819794,71.4851595006935,4951.8,18.333,3.479,51540.8
E319A,C,M,1186,3,5.32,5,-0.255137958437013,0.292915063,0.000302286,4.5,8.795818,17.04625,0.9202801593355511,16.0281,18.3154,0.172787,0.01007858681672298,0.16043,0.18689,4.58541,0.6318214347776154,3.8599,5.6603,0.019275002300000003,0.020379890458244176,1e-05,0.042012,0.0015083749999999997,0.0010698910073694422,0.00045009,0.002728,662.9651114610094,1.193027659404514,0.44492643408776145,0.7361661108456476,1.625372552729908,99,176,175,125,923,89,97,5,794,3,13,0,10.5960642154324,0.0214996036988111,0.0083225039619651,51.6873826903024,40922.0,81.3759999999999,31.5089999999999,198272.8,2,32,34,0,68,1,109,11,70,26,0,8.26981919332406,0.0300653120464441,0.0058471615720524,67.3633841886269,5946.0,20.715,4.017,48569.0,535,383,482,6,1275,117,469,85,1248,6,258,3,9.08899547029043,0.0237957691303213,0.00736248180976317,59.3257249533291,68222.0,182.228,55.6529999999998,476682.2,2815,2961,2679,36,5100,375,2059,206,3786,26,1019,26,9.91091617933723,0.0265894369510666,0.00691181261149475,61.3365366351261,254215.0,678.137000000001,178.228000000004,1743736.4,28465,0,14,14,0,0,0,29,1,4,0,7,0,5.81065088757397,0.0309741935483871,0.00625161290322581,70.8011834319527,982.0,4.801,0.969000000000001,11965.4,35,126,60,0,93,2,112,19,43,0,75,3,9.3935860058309,0.0314436974789916,0.00620726172465961,71.8920943134536,6444.0,18.709,4.103,51834.2
C07D3,C,F,1175,3,4.52,5,-0.340559507136283,0.229278068,0.000236613,4.5,23.049,18.9483,0.1943367066602589,18.7403,19.3417,0.201213,0.0022677156886268717,0.19815,0.20448,7.5953599999999994,0.13547649406610893,7.3479,7.7552,1.00048e-05,9.37846232361922e-09,1e-05,1.0024e-05,0.0030780800000000004,5.424458600737139e-05,0.0030125,0.0031798,324.8778459299303,0.3152474847038195,0.01415895791771195,0.29817031487249324,0.3396875184724252,99,176,175,125,923,89,97,5,794,3,13,0,10.5960642154324,0.0214996036988111,0.0083225039619651,51.6873826903024,40922.0,81.3759999999999,31.5089999999999,198272.8,2,32,34,0,68,1,109,11,70,26,0,8.26981919332406,0.0300653120464441,0.0058471615720524,67.3633841886269,5946.0,20.715,4.017,48569.0,535,383,482,6,294,4,469,85,1248,6,258,3,3.71473487876365,0.0237957691303213,0.00736248180976317,59.3257249533291,27882.8,182.228,55.6529999999998,476682.2,2815,2939,2657,36,4059,262,2012,205,3774,26,991,26,8.25302922870874,0.0265458000158341,0.00691637958033211,61.2264654713297,209511.4,670.600000000002,176.672000000003,1724443.4,28201,1,14,14,0,17,0,13,0,1,0,3,0,7.57023809523809,0.0284387096774194,0.00471612903225807,66.7112426035503,1271.8,4.408,0.731,11274.2,71,121,55,0,108,4,74,19,39,0,53,3,9.55353846153846,0.0295966666666666,0.00547897897897898,69.6502080443828,6209.8,17.758,3.649,50217.8
40FBB,C,M,1195,3,4.72,5,-1.02201418055377,0.244695594,0.000252524,4.5,1.485841,18.270420000000005,0.6401292487545863,16.7239,18.8595,0.156988,0.007375400252792309,0.14707,0.16971,8.144459999999999,0.9166815273946929,6.9681,10.2367,1e-05,0.0,1e-05,1e-05,0.00207967,6.858610241473445e-05,0.0019453,0.0021657,480.84551876018793,0.823814582440557,0.013258785420125834,0.808797691214434,0.8563107532121759,99,176,175,125,922,89,97,5,786,3,13,0,10.5701708959089,0.0215751651254954,0.00827945060750128,51.6784671532847,40822.0,81.6619999999999,31.3459999999999,198238.6,2,32,34,0,68,1,109,11,70,26,0,8.32267037552156,0.0299085631349782,0.00583406113537118,67.5805825242718,5984.0,20.607,4.008,48725.6,535,383,482,6,1275,117,477,85,1248,6,258,3,9.07160937916334,0.0238705928440846,0.00735308903294084,59.3393901680149,68091.5,182.801,55.5819999999998,476792.0,2816,2978,2696,36,4953,371,2104,214,3807,26,1065,26,9.50667311038082,0.026613975022371,0.0069179911487398,61.4420178041543,245890.1,684.059000000001,179.764000000004,1760006.6,28681,1,12,12,0,0,0,24,4,13,0,26,0,1.14761904761905,0.0276433121019108,0.0070891719745223,72.5159763313609,192.8,4.34,1.113,12255.2,2,58,58,0,0,0,125,21,47,0,94,3,1.65785813630042,0.03084012066365,0.00657013574660633,72.2016643550624,1192.0,20.447,4.356,52057.4
B0041,C,F,1183,3,4.4,4,-0.585770612013663,0.220190029,0.000227234,4.5,32.0,16.462,0.44583533582104784,15.8841,17.1662,0.192683,0.0041500550197155995,0.18693,0.19843,4.526870000000001,0.1688920368493171,4.2539,4.808,1.00056e-05,4.993328882952852e-09,1e-05,1.0015e-05,0.00230539,6.691995965330528e-05,0.0021934,0.0024283,433.7660872997627,0.7586966318738072,0.03286851960244065,0.7236695595821334,0.8101836245587293,99,176,175,125,904,89,97,5,775,3,13,0,10.4873122734335,0.0216702774108322,0.00823032223983092,51.7136600625652,40502.0,82.0219999999999,31.1599999999999,198373.6,2,32,34,0,68,1,109,11,74,26,0,8.35326842837274,0.0296676342525399,0.00590829694323144,67.7653259361997,6006.0,20.441,4.059,48858.8,535,383,482,6,1185,114,477,85,1245,6,258,3,8.47274180655476,0.0238926612692609,0.00734687127926972,59.3501431238332,63596.4,182.97,55.5349999999998,476878.4,2815,2957,2675,36,4851,312,2051,205,3783,26,1012,26,9.53284854171554,0.0265779996854852,0.00691573994867422,61.32748880347,243831.2,676.038000000001,177.859000000004,1739063.6,28393,0,14,14,0,0,0,21,0,2,0,0,0,4.44970414201183,0.0292645161290323,0.00618709677419355,69.9704142011834,752.0,4.536,0.959000000000001,11825.0,59,126,60,0,93,2,104,18,41,0,68,3,9.00151057401813,0.0306823529411764,0.00609531013615734,71.7198335644938,5959.0,18.256,4.029,51710.0
B3121,C,F,1151,3,4.02,4,-0.984805015630623,0.192236616,0.000198387,4.5,1.755783,18.611759999999997,0.6316689150355767,17.2531,19.306,0.190282,0.00442844542575483,0.17924,0.19467,4.89954,0.6299549863989403,3.9393,6.2872,1.0021e-05,4.809250345832348e-08,1e-05,1.0151e-05,0.0018961400000000004,5.0338812063853856e-05,0.0017765,0.0019475,527.3872182433786,0.733217372651068,0.01684936675084384,0.7063083743950289,0.7693619772531355,99,176,175,125,901,89,97,5,775,3,13,0,10.4482133609529,0.0217011889035667,0.00822662440570519,51.7352450469239,40351.0,82.1389999999999,31.1459999999999,198456.4,2,32,34,0,71,1,110,11,76,26,0,8.53685674547983,0.0298592162554427,0.00591266375545852,68.0599167822469,6138.0,20.573,4.062,49071.2,535,383,482,6,1258,117,478,85,1243,6,258,3,8.77047695177191,0.0239075476625751,0.00734118269612381,59.3389421281891,65831.2,183.084,55.4919999999998,476788.4,2744,2828,2612,36,4779,369,1947,187,3741,26,944,23,9.06077729994775,0.0264879622534985,0.0069397513293089,61.0507956069448,225441.2,656.822000000002,173.584000000003,1684330.4,27625,0,11,11,0,6,2,3,0,8,0,0,0,5.63431952662722,0.0265316455696203,0.0044367088607595,64.7727810650888,952.2,4.192,0.701,10946.6,1,34,34,0,69,2,72,6,43,0,68,0,7.70027777777778,0.0317496360989811,0.00531149927219797,70.6563106796117,5544.2,21.812,3.649,50943.2
8C6BD,C,M,1211,3,5.82,6,0.191182887901014,0.335258401,0.000345984,4.5,10.105432,15.494380000000003,1.5817281489982193,12.6399,17.366,0.138481,0.018119358248385432,0.11092,0.16397,7.9075000000000015,0.8924061905258662,6.812,9.3379,1.21465e-05,4.37143353680079e-06,1e-05,2.3945e-05,0.006164589999999999,0.00155431893727696,0.0043222,0.0094464,162.216789762174,0.41831706030434496,0.017872611933407247,0.3964440396046533,0.4528294639631779,99,176,175,125,901,89,97,5,775,3,13,0,10.4482133609529,0.0217011889035667,0.00822662440570519,51.7352450469239,40351.0,82.1389999999999,31.1459999999999,198456.4,2,32,34,0,71,1,110,11,76,26,0,8.53685674547983,0.0298592162554427,0.00591266375545852,68.0599167822469,6138.0,20.573,4.062,49071.2,535,383,482,6,1188,115,478,85,1243,6,258,3,8.31068478550493,0.0239075476625751,0.00734118269612381,59.3389421281891,62380.0,183.084,55.4919999999998,476788.4,2816,2994,2712,36,5054,373,2180,222,3841,26,1129,29,9.658127928683,0.0266937977062637,0.00692778810761597,61.6232663887837,253516.2,695.934000000001,182.568000000004,1788861.8,29065,0,7,7,0,6,0,13,0,10,0,5,0,7.20828402366864,0.027962962962963,0.00653703703703704,68.4366863905326,1218.2,4.53,1.059,11565.8,1,40,40,0,39,0,135,17,59,0,117,3,7.63777777777778,0.030928046989721,0.00730983847283406,73.5323162274619,5499.2,21.062,4.978,53016.8
A72DA,C,F,1149,3,3.92,4,-1.1320885731397,0.185093948,0.000191015,4.5,18.547069,15.878199999999998,0.5132691821387032,14.9308,16.7808,0.183334,0.005347359057412254,0.17657,0.19221,7.5403899999999995,0.5268548787116072,6.9233,8.7643,1e-05,0.0,1e-05,1e-05,0.00262403,8.955932918710622e-05,0.0024781,0.0028069,381.0932039648937,0.7299329775251653,0.03173777603224688,0.6966028905224763,0.7939423898479255,98,176,175,125,879,87,97,5,759,3,13,0,10.2979549572871,0.0217463672391017,0.00814738510301105,51.870385818561,39781.0,82.3099999999999,30.8459999999999,198974.8,2,32,34,0,71,1,110,11,78,26,0,8.74687065368567,0.0302525399129173,0.00599126637554585,67.9600554785021,6289.0,20.844,4.116,48999.2,536,383,482,6,1272,117,488,85,1242,6,258,3,9.01526982011992,0.0240032645599373,0.00732543987299905,59.3351337896702,67659.6,183.817,55.3729999999998,476757.8,2744,2826,2610,36,3463,333,1947,187,3741,26,944,23,7.85337252849032,0.0265032927962507,0.00694572836143723,61.0467884245307,195022.8,655.983000000002,173.414000000003,1681289.6,27577,0,11,11,0,6,2,3,0,8,0,0,0,5.63431952662722,0.0265316455696203,0.0044367088607595,64.7727810650888,952.2,4.192,0.701,10946.6,1,34,34,0,69,2,72,6,43,0,68,0,7.70027777777778,0.0317496360989811,0.00531149927219797,70.6563106796117,5544.2,21.812,3.649,50943.2
75ABB,C,M,1184,3,5.65,6,0.149148859644952,0.32064757,0.000330906,4.5,10.970532,15.918720000000002,0.9888778789898957,14.9204,17.6921,0.154928,0.01628211411334535,0.13832,0.18169,4.47478,0.9288577690427696,3.0408,5.4794,0.0048541012000000005,0.015318388791985089,1e-05,0.048451,0.003129825,0.000982264197671776,0.00044775,0.00385,319.5066816834807,0.803374659879726,0.3015131041959006,0.6714303425271283,1.6591430478256637,98,176,175,125,739,62,97,5,759,3,13,0,9.21858659073259,0.0217463672391017,0.00814738510301105,51.870385818561,35611.4,82.3099999999999,30.8459999999999,198974.8,2,32,34,0,71,1,110,11,78,26,0,8.74687065368567,0.0302525399129173,0.00599126637554585,67.9600554785021,6289.0,20.844,4.116,48999.2,536,383,482,6,1273,117,488,85,1242,6,258,3,9.05556295802798,0.0240032645599373,0.00732543987299905,59.3351337896702,67962.0,183.817,55.3729999999998,476757.8,2815,2962,2680,36,5111,375,2080,210,3792,26,1039,26,9.94036403405984,0.0266267923787076,0.00692551579438177,61.3759416511046,254493.2,677.785000000002,178.242000000004,1741910.6,28417,0,14,14,0,11,0,40,5,10,0,27,0,7.28520710059172,0.0320903225806452,0.0069483870967742,73.4745562130177,1231.2,4.974,1.077,12417.2,1,112,60,0,99,2,133,23,51,0,92,3,9.40305555555556,0.0325451559934318,0.00649319213313162,72.2890429958391,6770.2,19.82,4.292,52120.4
48429,C,F,1154,3,4.7,5,0.086510758141175,0.243138774,0.000250917,4.5,0.427,15.145340000000001,0.7870542833177961,14.2114,16.1536,0.17149200000000003,0.007862368599855904,0.16151,0.18193,7.662200000000001,0.7537222432700259,6.7245,8.5783,1e-05,0.0,1e-05,1e-05,0.00335286,0.00012258718620729577,0.003203,0.0036471,298.25283489319565,1.2205775760245348,0.015512452350367821,1.2001614348385483,1.2459496518857702,98,176,175,125,792,86,110,5,749,3,13,0,9.70163085684701,0.0219978863936592,0.0080723718964606,52.064181438999,37477.4,83.2619999999999,30.5619999999998,199718.2,2,32,34,0,71,1,97,11,76,26,0,8.86369958275382,0.0296531204644412,0.00595487627365356,67.7728155339806,6373.0,20.431,4.091,48864.2,536,383,482,6,1273,117,488,85,1242,6,258,3,9.0454363757495,0.02404635675111,0.00732702738457466,59.309147479776,67886.0,184.147,55.3849999999998,476549.0,2814,2897,2622,36,5026,373,1934,187,3739,26,947,23,9.96474701603504,0.026468306451613,0.00693818544366913,61.0943277538773,247952.8,656.414000000002,173.975000000003,1689930.2,27697,70,73,14,0,19,0,0,0,0,0,3,0,9.33131313131313,0.02078125,0.00488387096774194,70.6520710059172,923.8,1.995,0.757,11940.2,71,100,41,0,73,2,46,2,29,0,53,0,8.01969230769231,0.0296392914653784,0.00512205882352942,70.8735090152566,5212.8,18.406,3.483,51099.8
96AB7,C,F,1176,3,3.89,4,-1.35798470480734,0.182968858,0.000188822,4.5,4.434651,16.984569999999998,0.5641717391204757,16.2671,18.0291,0.18498499999999998,0.003346026665232129,0.17914,0.18874,4.779730000000001,0.460234054102427,3.9513,5.371,1.002e-05,4.7684145979326856e-08,1e-05,1.0154e-05,0.0020704700000000005,5.6959908902861016e-05,0.0020052,0.0021762,482.9821248315599,0.7187709735048953,0.013933136932855576,0.6838148766156635,0.7356078617189993,98,176,175,125,785,85,120,5,727,3,13,0,9.67548537406161,0.022264464993395,0.00798071843634439,52.2790928050053,37376.4,84.2709999999999,30.2149999999998,200542.6,2,32,34,0,70,1,87,11,68,26,0,8.92628650904033,0.0292960812772133,0.00578165938864629,67.2934812760056,6418.0,20.185,3.972,48518.6,536,383,482,6,1273,117,488,85,1243,6,258,3,9.01385742838108,0.0240983285453121,0.00732094192353484,59.2513503422526,67649.0,184.545,55.3389999999998,476084.6,2815,2950,2668,36,4859,359,2028,205,3772,26,1012,26,9.45109799291617,0.0265808506429279,0.00692870837735272,61.2995991344141,240152.4,671.831000000002,177.077000000004,1727974.4,28225,0,14,14,0,0,0,21,0,2,0,0,0,4.44970414201183,0.0292645161290323,0.00618709677419355,69.9704142011834,752.0,4.536,0.959000000000001,11825.0,59,126,60,0,93,2,104,18,41,0,68,3,9.00151057401813,0.0306823529411764,0.00609531013615734,71.7198335644938,5959.0,18.256,4.029,51710.0
7084B,C,M,1177,3,5.32,5,-0.201763064626753,0.292915063,0.000302286,4.5,2.491788,19.125859999999996,0.7022467106841205,18.1745,19.9618,0.182826,0.017450162813630772,0.16275,0.20623,4.35328,1.246428803332857,2.6644,6.5323,1.00461e-05,9.441804206117942e-08,1e-05,1.0271e-05,0.00268102,0.00015728702567104655,0.0024533,0.0028862,372.9923685761389,0.7662599614333286,0.021663648985432278,0.7394630757808742,0.8027650851698986,98,176,175,125,799,85,125,5,727,3,13,0,9.93321252912244,0.0223828269484808,0.00797094558901211,52.3738790406674,38372.0,84.7189999999999,30.1779999999999,200906.2,3,35,37,0,70,1,82,11,66,26,0,8.87883008356546,0.0290626822157434,0.00573391812865497,67.1062413314841,6375.0,19.937,3.922,48383.6,535,380,479,6,1273,117,488,85,1243,6,258,3,9.00106581401545,0.0241170865422269,0.00731896323723881,59.2293963907903,67562.0,184.761,55.3459999999998,475908.2,2815,2953,2671,36,4962,374,2038,206,3775,26,1026,26,9.71053707635449,0.0265936907020874,0.00693072171397308,61.3208024669479,246977.8,672.714000000002,177.274000000004,1730043.8,28249,0,14,14,0,0,0,31,1,7,0,14,0,4.96213017751479,0.0309677419354839,0.00650967741935484,71.7491124260355,838.6,4.8,1.009,12125.6,11,126,60,0,93,2,119,19,46,0,82,3,9.14732394366197,0.0318974789915966,0.00635703479576399,72.1018030513176,6494.6,18.979,4.202,51985.4
9639A,C,M,1184,3,5.81,6,0.339415880526683,0.334392922,0.000345091,4.5,5.540071,10.20433,1.8829785329808377,7.9887,13.5934,0.096391,0.0113261761322071,0.084068,0.11733,10.08883,0.8293430010824498,8.6531,11.0766,1.00021e-05,6.640783086353158e-09,1e-05,1.0021e-05,0.00475805,0.000563556656424179,0.0038548,0.0057418,210.17013272243884,0.6960662564589161,0.05027066982680159,0.6288014950830673,0.7611071072899518,98,176,175,125,799,85,125,5,727,3,13,0,9.93321252912244,0.0223828269484808,0.00797094558901211,52.3738790406674,38372.0,84.7189999999999,30.1779999999999,200906.2,3,35,37,0,70,1,82,11,66,26,0,8.87883008356546,0.0290626822157434,0.00573391812865497,67.1062413314841,6375.0,19.937,3.922,48383.6,535,380,479,6,1229,115,488,85,1243,6,258,3,8.65670130562217,0.0241170865422269,0.00731896323723881,59.2293963907903,64977.2,184.761,55.3459999999998,475908.2,2816,2967,2685,36,5069,373,2061,210,3783,26,1049,26,9.83760009374634,0.0266047151277014,0.0069296595678534,61.38222049963,251852.4,677.090000000002,178.314000000004,1742088.8,28417,1,14,14,0,8,0,23,4,8,0,23,0,5.94761904761905,0.0283161290322581,0.00676774193548388,71.6319526627219,999.2,4.389,1.049,12105.8,2,60,60,0,82,2,125,23,49,0,90,3,8.51905424200278,0.031251134644478,0.00656580937972768,71.9969486823856,6125.2,20.657,4.34,51909.8
4C29B,C,M,1203,3,5.43,5,-0.225148625444645,0.302065799,0.000311729,4.5,5.056982,18.77966,1.6354964609493285,16.8096,20.7034,0.169618,0.017283669749217034,0.14871,0.18986,8.30963,0.6119000518421651,7.4062,9.0758,1.0983499999999999e-05,2.6948671478283383e-06,1e-05,1.8627e-05,0.004317980000000001,0.00017225212657935783,0.0039642,0.0045773,231.58977114298813,0.479724006490087,0.04284672581891112,0.4316581961140974,0.5332794150491228,99,177,178,125,776,85,132,5,728,3,13,0,9.10331434489902,0.022536733615222,0.0079659000793021,52.4616266944734,35157.0,85.2789999999999,30.1349999999999,201242.8,2,34,34,0,70,1,75,11,61,26,0,8.87343532684284,0.0287147016011645,0.00560553129548763,67.1037447988904,6380.0,19.727,3.851,48381.8,535,380,479,6,1268,117,490,85,1243,6,258,3,8.9019451105782,0.0241400600443806,0.00731803755620204,59.2329807093964,66818.0,184.937,55.3389999999998,475937.0,2815,2985,2701,36,5133,375,2145,222,3824,26,1129,29,9.87866298257733,0.0266846415327565,0.00693993580926195,61.5878003953255,257418.2,690.812000000001,181.632000000004,1776007.4,28873,0,7,7,0,6,0,13,0,10,0,5,0,7.20828402366864,0.027962962962963,0.00653703703703704,68.4366863905326,1218.2,4.53,1.059,11565.8,1,40,40,0,39,0,135,17,59,0,117,3,7.63777777777778,0.030928046989721,0.00730983847283406,73.5323162274619,5499.2,21.062,4.978,53016.8
B3FFA,C,M,1183,3,5.35,5,-0.201671260751602,0.295401367,0.000304852,5.0,9.336,11.7595,1.7454048839420866,9.7272,14.565,0.125247,0.014279677906420407,0.10864,0.14902,7.660820000000001,1.1114194085842561,6.0618,8.8123,1.00022e-05,4.541169697579977e-09,1e-05,1.0014e-05,0.0034104799999999996,0.0002604278095749376,0.0029829,0.0038005,293.21385845980626,0.5683051200299729,0.023756861035237917,0.5451113604817844,0.6249510491114617,99,177,178,125,790,85,132,5,728,3,13,0,9.89047125841533,0.022536733615222,0.0079659000793021,52.4616266944734,38197.0,85.2789999999999,30.1349999999999,201242.8,2,34,34,0,70,1,75,11,61,26,0,8.87343532684284,0.0287147016011645,0.00560553129548763,67.1037447988904,6380.0,19.727,3.851,48381.8,535,380,479,6,1273,117,490,85,1243,6,258,3,8.99467092992273,0.0241400600443806,0.00731803755620204,59.2329807093964,67514.0,184.937,55.3389999999998,475937.0,2815,2965,2681,36,5047,374,2054,210,3778,26,1049,26,9.84444444444444,0.0265996145980809,0.0069287881144992,61.3799837782558,251801.2,676.375000000002,178.153000000004,1740552.2,28393,1,14,14,0,8,0,23,4,8,0,23,0,5.94761904761905,0.0283161290322581,0.00676774193548388,71.6319526627219,999.2,4.389,1.049,12105.8,2,60,60,0,82,2,125,23,49,0,90,3,8.51905424200278,0.031251134644478,0.00656580937972768,71.9969486823856,6125.2,20.657,4.34,51909.8
27B4F,C,M,1175,3,5.97,6,0.583057795218675,0.348330055,0.000359474,4.5,7.359049,19.72716,0.37676731457669366,19.1223,20.3803,0.175525,0.00861849851578955,0.16091,0.18628,5.115450000000001,0.3757846228596612,4.7268,5.9955,1.00105e-05,2.363260459619263e-08,1e-05,1.0073e-05,0.0033131899999999997,0.00014730915676449538,0.0031041,0.0036472,301.8239219604068,0.8310855565602088,0.023908109055891864,0.805902436412585,0.881949636311083,99,177,178,125,764,85,133,5,722,3,13,0,8.5324184360435,0.0226857822410148,0.00792043351837163,52.5756517205423,32952.2,85.8429999999999,29.9629999999999,201680.2,2,34,34,0,1,0,74,11,61,26,0,1.79221140472879,0.0284119359534206,0.00567685589519651,66.8790568654646,1288.6,19.519,3.9,48219.8,548,380,479,6,2,0,495,85,1244,6,258,3,1.83154944614974,0.0241536352956533,0.00732293044168207,59.237461107654,13723.8,185.041,55.3759999999998,475973.0,2814,2950,2666,36,3371,147,2030,206,3770,26,1026,26,7.21415291290818,0.0265830264147955,0.00693373800665767,61.3108894017397,183145.7,671.248000000002,177.053000000004,1726821.2,28201,0,14,14,0,0,0,31,1,7,0,14,0,4.96213017751479,0.0309677419354839,0.00650967741935484,71.7491124260355,838.6,4.8,1.009,12125.6,11,126,60,0,7,0,119,19,46,0,82,3,6.28464788732394,0.0318974789915966,0.00635703479576399,72.1018030513176,4462.1,18.979,4.202,51985.4
B6B0E,C,M,1190,3,4.6,5,-1.13506172743159,0.235404753,0.000242936,4.5,13.1244,16.02238,1.5235971287274945,13.4875,18.2212,0.151796,0.01322679788241365,0.1311,0.17003,7.45099,0.9564995887203624,6.1036,9.0227,1.00011e-05,3.4785054261848093e-09,1e-05,1.0011e-05,0.0025961999999999995,0.0001993174742855116,0.0023464,0.0030183,385.1783375702951,0.7447072229954397,0.02098069618044603,0.7230416059442835,0.7912572293568509,99,177,178,125,755,83,133,5,716,3,13,0,9.70740548938374,0.0227661205073996,0.00789003436426113,52.6816996871742,37490.0,86.1469999999999,29.8479999999999,202087.0,2,34,34,0,70,1,74,11,59,26,0,8.95688456189152,0.0285007278020378,0.00561572052401747,66.6968099861304,6440.0,19.58,3.858,48088.4,572,380,479,6,1273,117,495,85,1248,6,258,3,9.00890346766635,0.0241532437018666,0.00733536101560432,59.2367890479154,67287.5,185.038,55.4699999999998,475967.6,2815,2972,2688,36,5020,374,2119,222,3808,26,1113,29,9.81499650431135,0.0266685294462465,0.0069474355505741,61.4943172655565,252696.9,682.421000000002,179.751000000004,1754125.4,28561,0,7,7,0,11,0,51,8,22,0,48,3,7.99289940828402,0.0363086419753086,0.00847530864197531,78.3952662721893,1350.8,5.882,1.373,13248.8,1,51,51,0,25,0,150,17,56,0,122,3,7.19555555555556,0.0317940298507462,0.00717164179104477,74.1364771151179,5180.8,21.302,4.805,53452.4
4A765,C,M,1200,3,6.15,6,0.648844599793237,0.364235371,0.000375888,4.5,4.104135,19.41756,0.8357241546507238,18.5971,20.8155,0.139936,0.009312800271072548,0.13132,0.15595,7.6734300000000015,0.541720532808815,6.7455,8.3857,1.01723e-05,4.666354870536289e-07,1e-05,1.1492e-05,0.00487344,0.00017929466249724216,0.0045341,0.0050669,205.19386716569815,0.5329683127016008,0.02658086612716814,0.5055439199529739,0.5850610933777083,99,177,178,125,723,78,133,5,716,3,13,0,9.24065251165199,0.0228498942917547,0.007867036743325371,52.8309176225235,35687.4,86.4639999999999,29.7609999999999,202659.4,2,34,34,0,70,1,74,11,54,26,0,8.95966620305981,0.0286870451237263,0.00550218340611354,66.3522884882108,6442.0,19.708,3.78,47840.0,596,380,479,6,1196,105,501,85,1249,6,258,3,8.763680322364,0.0241604229212896,0.00734170854271355,59.2394772868699,65245.6,185.093,55.5179999999998,475989.2,2815,2982,2698,36,4775,285,2144,222,3817,26,1129,29,9.36644346956053,0.0266863550098765,0.00694514040531754,61.5637406570485,243396.4,689.015000000001,181.289000000004,1770881.0,28801,0,7,7,0,6,0,13,0,10,0,5,0,7.20828402366864,0.027962962962963,0.00653703703703704,68.4366863905326,1218.2,4.53,1.059,11565.8,1,40,40,0,39,0,135,17,59,0,117,3,7.63777777777778,0.030928046989721,0.00730983847283406,73.5323162274619,5499.2,21.062,4.978,53016.8
B22D3,C,F,1143,3,4.88,5,0.447743681239316,0.257269182,0.0002655,4.5,1.06922,19.40275,0.6725929811805457,18.2076,20.4239,0.18036800000000003,0.00787128226176933,0.17282,0.19642,6.87882,0.5060395237089248,5.9961,7.5725,1.00025e-05,4.11636301174268e-09,1e-05,1.0013e-05,0.00257168,8.033615209439235e-05,0.0024354,0.0026939,388.8508679151372,1.6362776568412603,0.04711906448109501,1.5835626467693569,1.7521034178702155,98,177,178,125,718,80,142,5,716,3,20,0,9.54051255500906,0.0230113636363636,0.00785752048638643,53.0129822732013,36855.0,87.0749999999999,29.7249999999999,203357.8,2,34,34,0,69,1,65,11,48,19,0,8.88734353268428,0.0284614264919942,0.00537117903930131,65.8704576976422,6390.0,19.553,3.69,47492.6,620,380,479,6,1251,117,501,85,1249,6,258,3,8.85764721735615,0.0241789583605273,0.00733734461782595,59.22626011201,65732.6,185.235,55.4849999999998,475883.0,2813,2823,2605,36,4983,373,1902,187,3711,26,937,23,9.93307879772543,0.0264514425030476,0.00694880779764795,61.0015695149104,244552.4,650.970000000002,172.525000000003,1671260.0,27433,70,14,14,0,7,2,3,0,8,0,0,0,7.00808080808081,0.0234387096774194,0.00534193548387097,69.9491124260355,693.8,3.633,0.828,11821.4,71,38,38,0,54,2,48,2,30,0,50,0,7.22892307692308,0.0302532942898975,0.00493265007320645,70.1994452149792,4698.8,20.663,3.369,50613.8
E39ED,C,F,1144,3,4.55,5,-0.0883284385969192,0.231569235,0.000238978,4.5,12.59388,16.84629,0.3768121236844102,16.134,17.3269,0.17673699999999998,0.002862578674319123,0.1733,0.1808,7.0379000000000005,0.29601545755434994,6.7265,7.5411,1e-05,0.0,1e-05,1e-05,0.00259139,5.483248124971182e-05,0.0024864,0.0026551,385.8932850709465,1.5476904267662017,0.06054554194218165,1.4938784424021216,1.6746777641568347,98,177,178,125,706,80,154,8,710,3,28,0,9.50711881957028,0.0232420718816067,0.00782051282051279,53.220385818561,36726.0,87.9479999999999,29.5849999999999,204153.4,2,34,34,0,70,1,55,8,44,11,0,8.83031988873435,0.0279170305676856,0.00536681222707424,65.398613037448,6349.0,19.179,3.687,47152.4,644,380,479,6,1271,117,499,85,1249,6,258,3,9.03487900500203,0.0241734760475134,0.00733350965353079,59.1924331051649,66831.0,185.193,55.4559999999998,475611.2,2813,2863,2608,36,4946,373,1890,184,3707,26,932,23,9.86060704431099,0.0264312433926975,0.00694772425449729,61.0025746690493,243004.8,650.050000000003,172.644000000003,1672751.6,27457,70,51,14,0,1,0,0,0,1,0,3,0,4.00808080808081,0.0213813559322034,0.00502580645161291,71.1846153846154,396.8,2.523,0.779,12030.2,71,77,40,0,39,2,46,2,30,0,53,0,5.37784615384615,0.0298509316770186,0.00507782672540382,70.6812760055479,3495.6,19.224,3.458,50961.2
B4B99,C,F,1156,3,4.57,5,-0.13524304402311,0.233100911,0.000240558,4.5,4.384087,18.348879999999998,0.9321930496296236,17.3053,20.0521,0.19203599999999998,0.009933622143452451,0.18044,0.20512,7.32109,0.8210537043607101,5.9818,8.2975,1.0071100000000001e-05,9.960416100188244e-08,1e-05,1.0237e-05,0.00300572,8.873160278803344e-05,0.0028767,0.0030876,332.6989872642828,0.32707295998608976,0.016021771172088875,0.3037880971474808,0.35098008819326854,98,177,178,125,706,80,154,8,710,3,28,0,9.50711881957028,0.0232420718816067,0.00782051282051279,53.220385818561,36726.0,87.9479999999999,29.5849999999999,204153.4,2,34,34,0,70,1,55,8,44,11,0,8.83031988873435,0.0279170305676856,0.00536681222707424,65.398613037448,6349.0,19.179,3.687,47152.4,644,380,479,6,1271,117,499,85,1249,6,258,3,9.03487900500203,0.0241734760475134,0.00733350965353079,59.1924331051649,66831.0,185.193,55.4559999999998,475611.2,2813,2916,2632,36,5097,375,1948,202,3737,26,976,26,10.0208567303064,0.0265100487333361,0.00694457054115412,61.119347504421,249840.0,658.218000000002,174.399000000003,1693556.0,27745,0,14,14,0,68,2,35,18,22,0,28,3,13.4733727810651,0.0347032258064516,0.00689032258064516,72.1644970414201,2277.0,5.379,1.068,12195.8,70,118,52,0,109,4,72,19,38,0,60,3,9.97235023041475,0.0301028192371476,0.0054678624813154,70.3742024965326,6492.0,18.152,3.658,50739.8
235BB,C,M,1175,3,5.6,6,0.143065309429669,0.316391899,0.000326514,5.0,4.19,14.457820000000002,0.38281131934965335,13.9375,14.9638,0.17347300000000002,0.008152271735194087,0.16308,0.18428,2.82265,0.6164483726242702,2.0085,3.672,1e-05,0.0,1e-05,1e-05,0.0034557299999999997,0.00010832688237203379,0.0032862,0.0036207,289.3744592314793,0.6237041351559329,0.010021791033515762,0.611074173291823,0.6409208415141294,98,177,178,125,692,79,157,8,706,3,28,0,9.45042712917422,0.023357822410148,0.00779566481628334,53.3766423357664,36507.0,88.3859999999999,29.4909999999999,204752.8,2,34,34,0,69,1,55,8,42,11,0,8.81780250347705,0.0279330422125182,0.0052882096069869,65.2987517337032,6340.0,19.19,3.633,47080.4,668,380,479,6,1247,117,496,85,1251,6,258,3,8.86187440661874,0.0241739981725623,0.00733179053160538,59.1673428749222,65338.6,185.197,55.4429999999998,475409.6,2814,2955,2671,36,4965,375,2025,207,3754,26,1026,26,9.74330956788908,0.0265774776202171,0.00693102232667464,61.2917166696254,247353.4,670.975000000002,176.949000000003,1726281.2,28201,0,14,14,0,13,0,34,5,10,0,29,0,6.31715976331361,0.0311354838709677,0.00660645161290323,72.7715976331361,1067.6,4.826,1.024,12298.4,1,60,60,0,81,2,133,23,51,0,94,3,7.75277777777778,0.0317942511346445,0.0064750378214826,72.1642163661581,5582.0,21.016,4.28,52030.4
800E1,A,F,1927,5,8.64,9,1.31905462991063,0.6072,0.0006266,5.5,6.800388,12.71183,0.4398937751826507,12.0888,13.4854,0.130633,0.009058718391079882,0.12182,0.14918,2.68056,0.09704822627035592,2.572,2.8608,0.0027959272,0.0016920612747177005,1.3246e-05,0.0046801,0.007664849999999999,0.00037467661092971616,0.0071965,0.0084647,130.4656973065357,0.044821394201023004,0.0028714343803238488,0.04048298572325271,0.04857180527911307,37,177,1156,384,620,25,79,1,233,0,16,0,8.22043832823649,0.0220664376321353,0.00606188948306595,56.4846239865809,32257.0,83.4994,17.0036,202045.5,106,78,238,47,17,0,2,0,10,0,0,5.95772357723577,0.0269856920684292,0.00380124223602485,57.726646884273,3664.0,17.3518,1.836,38907.76,671,616,579,266,753,46,396,22,373,2,322,0,7.6478697421981,0.0261356498316498,0.00553185473063522,61.6142045016077,56364.8,194.0572,41.2787,479050.44,2764,3407,4661,821,6131,1250,2423,87,1518,4,1924,56,9.21895576175693,0.0267190047149993,0.00450996441281141,62.0376912917145,400886.2913,1144.6956,187.560400000001,2818248.24000001,46249,3,7,7,0,1,0,6,0,0,0,8,0,1.64633313253012,0.0252401234567901,0.00346604938271605,71.8673372781065,273.2913,4.0889,0.5615,12145.58,9,30,30,0,11,0,37,0,1,0,38,1,5.01684171348314,0.0290992764109986,0.00356468885672938,69.3221636615812,3571.9913,20.1076,2.4632,49981.28
BF641,A,M,1912,5,8.79,9,-0.434296710425382,0.6231,0.000643,5.5,18.554876,14.25579,0.10650456902040514,14.0854,14.4108,0.16631100000000001,0.004617162307930899,0.16107,0.17265,2.32637,0.07762021572302467,2.2258,2.4452,2.9153700000000002e-05,4.575578845481982e-05,1e-05,0.0001515,0.00576311,0.00018264045097768814,0.0054546,0.0059401,173.51742375210605,0.06600967172375308,0.0012173336368979035,0.06371635099896786,0.06799906970282513,38,177,1241,384,625,25,68,1,230,0,9,0,8.17257201121591,0.0220650898520084,0.00602551470588235,55.8598462398658,32061.0,83.4943,16.3894,199810.67,105,78,154,47,11,0,2,0,11,0,0,6.08603896103896,0.0268884914463453,0.00383756613756614,59.0002670623145,3749.0,17.2893,2.1759,39766.18,673,616,579,266,685,41,396,22,371,2,322,0,7.23300760043431,0.0261446195286195,0.00552676226212812,61.6070045016077,53292.8,194.1238,41.2407,478994.46,2758,3392,4562,821,5877,1190,2417,87,1517,4,1916,56,9.02231852727736,0.0267238016801186,0.00451689936361219,62.0227553918524,389141.6204,1135.6814,186.669900000001,2795241.54000001,45889,1,7,7,0,5,0,18,0,0,0,24,1,4.47297857142857,0.02935,0.00410185185185185,73.8377514792899,751.4604,4.7547,0.6645,12478.58,6,72,128,0,13,1,43,0,3,0,38,1,5.39309146853147,0.0314909090909091,0.00352664418212479,69.3381414701803,3856.0604,20.4376,2.0913,49992.8
5E762,A,F,1914,5,8.54,9,1.2441921487988,0.5966,0.0006157,5.0,19.282382,21.114039999999996,0.5224700442236963,20.456,22.012,0.162911,0.01586793933971544,0.14732,0.19046,3.77093,1.1991787792300013,2.6641,6.3489,0.0007993808999999999,0.0013388575922863367,1e-05,0.0033585,0.01155146,0.006059292301947848,0.0043426,0.019828,86.56914364071729,0.27505354783903907,0.09477176942395513,0.17588732918052785,0.4301367097992787,84,225,1364,430,616,25,51,1,222,0,9,0,8.01779726592726,0.0220820663811563,0.00592703118983442,55.2330642877372,31085.0,82.4985999999999,15.3925,195027.95,59,33,30,0,28,0,27,0,19,0,0,6.73111782477341,0.02861875,0.00412575976845152,60.7348404993065,4456.0,19.6897,2.8509,43789.82,672,613,579,266,733,44,381,22,367,2,322,0,7.45409146424209,0.0259804254173398,0.00551849370142054,61.5428990353697,54929.2,192.9826,41.179,478496.04,2715,3346,4440,774,6103,1256,2423,87,1516,4,1924,56,9.23267898986627,0.0267174778709117,0.00451219606236598,62.0789783672477,399054.8513,1137.9241,187.242600000001,2803672.90000001,45937,3,7,7,0,1,0,6,0,0,0,8,0,1.64633313253012,0.0252401234567901,0.00346604938271605,71.8673372781065,273.2913,4.0889,0.5615,12145.58,9,30,30,0,11,0,37,0,1,0,38,1,5.01684171348314,0.0290992764109986,0.00356468885672938,69.3221636615812,3571.9913,20.1076,2.4632,49981.28
85A4B,A,M,1893,5,8.76,9,-0.357291445463491,0.6199,0.0006397,5.5,7.176733,13.575399999999998,0.259482283702675,13.2276,13.9643,0.15451299999999998,0.005333350104140301,0.14586,0.16154,2.6554399999999996,0.08612467964784805,2.5399,2.7772,0.0015173044,0.001629090813806905,1.0014e-05,0.0040472,0.004783750000000001,0.00010895731325207639,0.0046027,0.0049752,209.04102430101904,0.07230823628672114,0.006869429707024823,0.0656082900096755,0.0856853170664216,141,225,1364,428,566,21,11,0,215,0,0,0,7.63031413612565,0.0219099571734475,0.00566415094339622,54.1148344183413,29147.8,81.8555999999999,14.7098,191187.71,75,97,94,65,17,0,35,0,16,0,0,4.24736842105263,0.0308741987179487,0.00414752791068581,62.9407926829268,2743.8,19.2655,2.6005,41289.16,604,549,515,201,754,47,396,22,363,2,322,0,7.62706736587334,0.0262545515216231,0.00542909912304013,61.3601492346938,56722.5,196.6991,40.8594,481063.57,2653,3325,4419,774,6019,1194,2417,87,1508,4,1916,56,9.20837308087891,0.0267211622494538,0.00452257765641003,62.0694023601067,393934.2004,1125.1747,185.489000000001,2771957.44000001,45433,1,7,7,0,5,0,18,0,0,0,24,1,4.47297857142857,0.02935,0.00410185185185185,73.8377514792899,751.4604,4.7547,0.6645,12478.58,6,72,128,0,13,1,43,0,3,0,38,1,5.39309146853147,0.0314909090909091,0.00352664418212479,69.3381414701803,3856.0604,20.4376,2.0913,49992.8
3FA46,A,F,1893,5,8.17,8,0.788781771379086,0.5582,0.0005761,5.0,3.199117,17.6065,0.2080907547735416,17.295,17.9718,0.19177499999999997,0.002847151598040087,0.18731,0.19512,2.19874,0.07774256949130964,2.1315,2.3576,1.00436e-05,1.2232942773057033e-07,1e-05,1.0391e-05,0.005737710000000001,0.00015844458161907722,0.0054792,0.005965,174.28555991850405,0.11937521442786121,0.004936683276787963,0.11106961138657936,0.1252131930962415,141,225,1364,428,489,22,11,0,215,0,0,0,7.00643979057592,0.0219099571734475,0.00566415094339622,54.1148344183413,26764.6,81.8555999999999,14.7098,191187.71,75,97,94,65,34,0,35,0,16,0,0,6.67956656346749,0.0308741987179487,0.00414752791068581,62.9407926829268,4315.0,19.2655,2.6005,41289.16,604,549,515,201,754,47,396,22,363,2,322,0,7.63816054860831,0.0262545515216231,0.00542909912304013,61.3601492346938,56805.0,196.6991,40.8594,481063.57,2653,3325,4419,774,6146,1257,2417,87,1508,4,1916,56,9.31850304815334,0.0267211622494538,0.00452257765641003,62.0694023601067,398645.5604,1125.1747,185.489000000001,2771957.44000001,45433,1,7,7,0,5,0,18,0,0,0,24,1,4.47297857142857,0.02935,0.00410185185185185,73.8377514792899,751.4604,4.7547,0.6645,12478.58,6,72,128,0,9,0,43,0,3,0,38,1,4.05323132867133,0.0314909090909091,0.00352664418212479,69.3381414701803,2898.0604,20.4376,2.0913,49992.8
2774A,A,F,1899,5,7.77,8,0.107475262291735,0.5176,0.0005342,5.5,0.343568,14.36516,3.060493496226457,5.8092,16.2153,0.135764,0.04512214489582692,0.01,0.16522,3.9517300000000004,4.532938058269836,2.3242,16.8489,0.015223190000000001,0.02985150777667688,0.0023037,0.1,0.00646182,0.001970731113515433,0.0056625,0.012059,154.75516185842378,0.08444944829693071,0.08344737269163842,0.05357894165988779,0.3217501988450756,109,225,1364,430,594,24,26,1,214,0,1,0,7.87798546209761,0.0220557012847966,0.00574251058914131,54.588448031719,30346.0,82.4000999999999,14.9133,192751.81,105,97,94,65,29,0,35,0,15,0,0,6.77272727272727,0.0297613782051282,0.00414114832535885,61.5946341463415,4172.0,18.5711,2.5965,40406.08,606,549,515,201,639,43,375,22,365,2,322,0,6.31562878278413,0.0260865723438334,0.00546900079723625,61.4022219387755,46956.7,195.4406,41.1597,481393.42,2687,3331,4425,774,5951,1248,2417,87,1510,4,1916,56,9.06959497551876,0.0267202196657672,0.00451959564541215,62.0555636899316,388994.9285,1128.8224,185.990400000001,2780275.42000001,45577,3,7,7,0,4,0,10,0,0,0,15,0,7.08209939759036,0.0290648148148148,0.00390617283950617,71.7768047337278,1175.6285,4.7085,0.6328,12130.28,8,72,105,0,14,1,43,0,3,0,38,1,6.09877769985975,0.031184437596302,0.00350909090909091,69.0375589459085,4348.4285,20.2387,2.1616,49776.08
B3241,A,F,1900,5,8.35,8,1.03150747855446,0.5768,0.0005952,5.5,0.4083,14.489799999999999,0.08632236738592777,14.3534,14.6299,0.15754800000000002,0.0059022891980805,0.15071,0.16341,2.3658,0.10683688501636496,2.2334,2.503,0.00010738940000000001,0.00012185701145668866,1.0007e-05,0.00032043,0.005611240000000001,0.00023934695504411322,0.0052735,0.0059811,178.2137281599076,0.048628629096671934,0.007680536404552478,0.03880086570230155,0.06005556579968373,141,225,1364,428,568,21,5,0,195,0,0,0,7.83848167539267,0.0219836456102784,0.0055105891413169,53.9227398811208,29943.0,82.1309,14.311,190509.04,110,130,127,99,36,0,49,0,21,0,0,6.93126022913257,0.0313309644670051,0.00443619528619529,63.3590032154341,4235.0,18.5166,2.6351,39409.3,570,517,483,168,701,47,413,22,360,2,322,0,7.10165975103735,0.0264893141945774,0.00538900502778513,61.2677594309666,53056.5,199.3056,40.7301,482361.07,2658,3332,4426,774,6070,1258,2447,90,1511,4,1957,65,9.18219311179936,0.026732981617734,0.00451892896174866,62.1446043679034,394310.9188,1129.9764,186.066900000001,2785756.18,45601,0,7,7,0,1,0,32,3,5,0,41,9,1.87999289940828,0.0327512345679012,0.00455679012345679,79.2175147928994,317.7188,5.3057,0.7382,13387.76,8,30,30,0,10,0,63,3,5,0,71,10,4.84098008415147,0.0291995658465991,0.00385267727930535,71.8935922330097,3451.6188,20.1769,2.6622,51835.28
C9CB4,A,M,1886,5,10.92,11,2.25282714273676,0.8633,0.0008909,5.5,32.0,14.669599999999999,0.1204728830714846,14.4136,14.8221,0.152352,0.004843909807399617,0.14796,0.1611,2.0661300000000002,0.04522465035796293,2.0066,2.1187,0.001219819,0.0008642209546747225,1e-05,0.0021761,0.00698859,0.00014684534154454237,0.0068262,0.0072704,143.09038017683108,0.05321429657698758,0.004183768346852741,0.04490410950971491,0.05797367413520185,140,225,1364,428,569,21,5,0,192,0,0,0,7.85134781470819,0.0220377408993576,0.00547404697728148,53.9152136994056,30000.0,82.3329999999999,14.2161,190482.45,134,153,150,123,35,0,49,0,21,0,0,6.8381601362862,0.0314804577464789,0.00447285464098074,63.4144481605351,4014.0,17.8809,2.554,37921.84,546,496,460,144,751,47,419,22,360,2,322,0,7.60500333555704,0.0265322862823062,0.00537529349690015,61.2324097758642,56999.5,200.1861,40.7501,483552.34,2655,3318,4412,774,5857,1248,2415,87,1506,4,1916,56,9.14372373855902,0.0267169952559182,0.00452382933933863,62.0645263086917,389614.0685,1120.6978,184.812000000001,2761312.84,45265,3,7,7,0,4,0,10,0,0,0,15,0,7.08209939759036,0.0290648148148148,0.00390617283950617,71.7768047337278,1175.6285,4.7085,0.6328,12130.28,8,72,105,0,14,1,43,0,3,0,38,1,6.09877769985975,0.031184437596302,0.00350909090909091,69.0375589459085,4348.4285,20.2387,2.1616,49776.08
6EA4F,A,F,1949,5,8.36,8,0.724949604470298,0.5778,0.0005963,5.0,0.343007,15.69677,0.7373136254900853,14.75,16.5867,0.15859000000000004,0.014634096411387272,0.14196,0.17662,2.6721200000000005,0.08260913051500081,2.5129,2.7651,0.00214468,0.002213861220080829,1e-05,0.0053282,0.007690559999999999,0.0007264255153374868,0.0065682,0.0084234,130.02954271210422,0.08163060776061437,0.00894110401118941,0.06854521531272204,0.09334655817096371,142,225,1364,426,555,21,5,0,184,0,0,0,7.84289080911233,0.022214534261242,0.00532117828263381,53.6848882602546,29952.0,82.9935,13.8191,189776.08,224,239,236,202,30,0,60,0,23,0,0,6.33279678068411,0.0319387966804979,0.00515814432989691,66.0392485549133,3147.4,15.3945,2.5017,34274.37,455,412,374,64,636,42,441,22,356,2,322,0,6.3894542578434,0.0267986892122165,0.00529079170470849,60.9659182650119,48470.4,204.4472,40.5645,486325.13,2680,3382,4476,774,5936,1253,2557,90,1509,4,2144,72,8.9447916479579,0.0267100034566194,0.00450749627668379,62.52544877508,394438.4773,1159.0806,190.671600000001,2876358.22,46777,0,8,8,0,32,2,12,0,0,0,30,0,9.83359349112426,0.0249527950310559,0.00430434782608696,76.1532544378698,1661.8773,4.0174,0.693,12869.9,21,31,31,0,76,14,73,0,0,0,123,0,9.144539,0.0273786956521739,0.00430159420289855,75.411705963939,6401.1773,18.8913,2.9681,54371.84
977FB,A,M,1873,5,8.47,8,-0.583539545677718,0.5893,0.0006081,5.5,8.171148,14.035749999999998,0.21420034884295697,13.7869,14.3378,0.15914299999999998,0.0034683747394613144,0.15216,0.16285,2.6011600000000006,0.10293237477964733,2.4261,2.8,1.8565200000000003e-05,2.2888027742808154e-05,1e-05,8.3127e-05,0.005816409999999999,0.0003567340199644547,0.005324,0.0063957,171.92735725301347,0.06578936380669484,0.00411161593635118,0.05990627397788728,0.07311076409527394,142,228,1364,425,547,20,38,0,162,0,0,0,7.66970411102383,0.0227237074738816,0.00516180207932229,54.1284021493213,29290.6,84.8276,13.4052,191398.03,239,248,248,206,32,0,31,0,14,8,0,6.9298755186722,0.0307179704016913,0.00463911205073996,66.2942718446602,3340.2,14.5296,2.1943,34141.55,440,399,361,60,687,43,458,22,358,2,314,0,7.26759636889883,0.0269059277676001,0.00527158854166667,60.838990101491,55241.0,205.6151,40.4858,485555.98,2653,3302,4399,774,5995,1248,2382,87,1495,4,1916,56,9.19368625295508,0.0266823557657679,0.00452388666962571,62.0614903008218,388892.9285,1111.3468,183.461700000001,2741814.58,44953,3,7,7,0,4,0,10,0,0,0,15,0,7.08209939759036,0.0290648148148148,0.00390617283950617,71.7768047337278,1175.6285,4.7085,0.6328,12130.28,8,72,105,0,14,1,43,0,3,0,38,1,6.09877769985975,0.031184437596302,0.00350909090909091,69.0375589459085,4348.4285,20.2387,2.1616,49776.08
AC8F7,A,F,1882,5,7.26,7,-0.598901488322621,0.4674,0.0004824,5.0,19.284092,18.817819999999998,0.5682766165248128,18.1208,19.6633,0.19567099999999998,0.007852973180762675,0.1873,0.2083,3.20083,0.15582090895212572,2.9565,3.4227,8.37342e-05,0.00011988927124809792,1.0009e-05,0.00039693,0.005844010000000001,0.0002646527555118215,0.0054067,0.0061518,171.11538139051777,0.07384964837556231,0.0037682658766986427,0.06911057793226437,0.08108478738842262,154,240,1376,435,527,20,38,0,162,0,0,0,7.54263199369582,0.0227319000268745,0.0051531914893617,54.1645632444696,28714.8,84.5854,13.321,190984.25,228,237,237,196,33,0,31,0,14,8,0,7.27789046653144,0.0300847107438017,0.00468181818181818,66.1440952380952,3588.0,14.561,2.266,34725.65,440,399,361,60,714,47,458,22,358,2,314,0,7.37579265886068,0.0269498953153625,0.0052644140625,60.8450620223029,56063.4,205.9511,40.4307,485604.44,2645,3300,4397,764,6045,1257,2395,88,1500,4,1934,61,9.23606953014768,0.0266794167522511,0.00452004316687926,62.1123999549601,392754.6207,1117.0405,184.291200000001,2758101.12,45169,3,7,7,0,1,0,13,1,5,0,18,5,1.87542590361446,0.0262679012345679,0.00392222222222222,75.3086390532545,311.3207,4.2554,0.6354,12727.16,9,30,30,0,11,0,44,1,6,0,48,6,4.98429873595506,0.029208972503618,0.00369696092619392,70.002718446602,3548.8207,20.1834,2.5546,50471.96
A2EC0,A,F,1880,5,8.02,8,0.633693777294787,0.5429,0.0005602,5.5,0.8849,18.53179,0.4084127363614192,17.8752,19.1484,0.169641,0.011461099859961082,0.15512,0.1834,1.47458,0.05725162394591478,1.3961,1.5997,0.0015582329999999998,0.001501930925515847,1e-05,0.0035175,0.00801156,0.0007725410570894525,0.0068109,0.0091809,124.8196356265197,0.0849466413041283,0.013042955539740617,0.06812013036029015,0.1008616090684395,210,288,1424,489,508,20,38,0,146,0,0,0,7.63796320981072,0.0231030492785189,0.00493173039022467,54.3861319124424,28650.0,84.8575,12.5118,188828.65,167,184,184,141,35,0,33,0,11,8,0,6.95487364620939,0.0286335195530726,0.0047219739292365,66.6298793103448,3853.0,15.3762,2.5357,38645.33,441,399,361,60,697,42,468,22,358,2,314,0,7.30593421052631,0.0271289322166972,0.00522192708333333,60.7838604184939,55525.1,207.3193,40.1044,485115.99,2583,3245,4342,709,6061,1252,2414,90,1497,4,1957,65,9.24783672951243,0.02668529467953,0.00452075087667675,62.1464527605153,393384.4788,1117.4734,184.351700000001,2760048.26,45121,0,7,7,0,1,0,32,3,5,0,41,9,1.84638343195266,0.0327512345679012,0.00455679012345679,79.2175147928994,312.0388,5.3057,0.7382,13387.76,8,30,30,0,8,0,63,3,5,0,71,10,3.46055932678822,0.0291995658465991,0.00385267727930535,71.8935922330097,2467.3788,20.1769,2.6622,51835.28
1EE13,A,F,1931,5,6.79,7,-1.67562428694249,0.4227,0.0004362,5.0,17.822242,17.379710000000003,0.16355123865830767,17.113,17.5966,0.175328,0.00845315036605354,0.1646,0.1859,2.5472300000000003,0.13374328685125764,2.3669,2.7014,1.06179e-05,9.371838963381497e-07,1e-05,1.2826e-05,0.0059119,0.0004107784831539041,0.0053333,0.0064904,169.15035775300663,0.06327327520367687,0.00479002910549714,0.055398721167538315,0.07096785042661019,210,288,1424,489,474,20,54,0,115,0,0,0,7.47310050653159,0.0236835556765586,0.00468450926290894,55.0403600230415,28031.6,86.9896999999999,11.8846,191100.13,166,184,184,141,38,0,55,0,14,41,0,7.49189189189189,0.0292908752327747,0.00509590316573557,69.3386034482759,4158.0,15.7292,2.7365,40216.39,441,410,366,60,660,41,448,22,354,2,290,0,7.22730263157895,0.0270980212291967,0.00516093811074919,60.6883084826463,54927.5,206.785,39.6102,484353.39,2606,3297,4394,709,5947,1264,2508,90,1491,4,2144,72,9.12819262671757,0.0266539560490615,0.00450429072012589,62.4998718117277,399258.0173,1147.3995,188.959500000001,2852244.15,46345,0,8,8,0,32,2,12,0,0,0,30,0,9.83359349112426,0.0249527950310559,0.00430434782608696,76.1532544378698,1661.8773,4.0174,0.693,12869.9,21,31,31,0,76,14,73,0,0,0,123,0,9.144539,0.0273786956521739,0.00430159420289855,75.411705963939,6401.1773,18.8913,2.9681,54371.84
A9DB1,A,F,1881,5,7.55,8,-0.127009778864363,0.4958,0.0005116,5.5,2.536489,14.080969999999999,0.1127352458934944,13.9219,14.2296,0.15588300000000002,0.002781366770332728,0.15318,0.16048,2.40475,0.11701843397041728,2.2577,2.5571,0.0012323065,0.0010457480886911373,1.0002e-05,0.0024535,0.00638417,0.0001982221708084139,0.0061446,0.0067628,156.63743290043968,0.05302925191349317,0.0015321737797275511,0.0511008337566375,0.05557834114043704,220,298,1434,499,419,18,54,0,114,0,0,0,6.88484362469928,0.023764701064701,0.00463114364859517,55.0903264009243,25756.2,87.0500999999999,11.7029,190722.71,157,175,175,132,36,0,71,0,15,53,0,7.26950354609929,0.030209706959707,0.00524029304029304,70.6421392190153,4100.0,16.4945,2.8612,41608.22,441,410,366,60,594,35,432,22,352,2,278,0,6.77446052631579,0.0270489319879439,0.00512865146579805,60.5945244956772,51485.9,206.4104,39.3624,483604.9,2575,3237,4334,700,5921,1229,2398,90,1490,4,1974,65,9.11401665727037,0.026644554738952,0.00451485873906547,62.1853378332772,387983.6891,1116.62,184.255900000001,2763827.34,45145,1,7,7,0,0,0,0,0,0,0,17,0,3.56600654761905,0.0215351851851852,0.00358024691358025,73.2018934911243,599.0891,3.4887,0.58,12371.12,8,30,30,0,6,0,42,3,5,0,73,9,4.65482342215989,0.0267895803183792,0.00380709117221418,72.9079334257975,3318.8891,18.5116,2.6307,52566.62
637AC,A,F,1878,5,6.92,7,-1.11810003966369,0.4349,0.0004488,5.0,15.498637,16.640320000000003,0.7322966882046892,15.8054,17.7817,0.172356,0.012000480731111474,0.16198,0.19542,3.9110500000000004,0.618450012800819,2.8734,4.6418,0.0006928776000000002,0.001145433147078354,1e-05,0.0028012,0.00500935,0.0003552278744380539,0.004373,0.0055199,199.62669807460048,0.15780542217641186,0.0613224394356292,0.08613452669029042,0.2622649765686364,275,350,1486,553,401,14,54,0,113,0,0,0,6.93695062398264,0.0237399889227361,0.00467022222222222,55.3008773474178,25569.6,85.7250999999999,11.5588,188465.39,100,122,122,76,36,0,71,0,15,53,0,7.1304347826087,0.0297337228714524,0.00519632721202003,70.7390852713178,4428.0,17.8105,3.1126,45626.71,442,412,368,60,609,30,445,22,352,2,279,0,6.83209632846427,0.0271262681871805,0.00511450540857553,60.5726350081443,51917.1,206.9463,39.2436,483430.2,2517,3181,4278,644,5986,1241,2398,90,1490,4,1974,65,9.19757235407462,0.0266441659505395,0.00451476406422358,62.1836064282339,391411.8891,1116.1774,184.179800000001,2762755.45,45073,1,7,7,0,0,0,0,0,0,0,17,0,3.56600654761905,0.0215351851851852,0.00358024691358025,73.2018934911243,599.0891,3.4887,0.58,12371.12,8,30,30,0,6,0,42,3,5,0,73,9,4.35832973352034,0.0267895803183792,0.00380709117221418,72.9079334257975,3107.4891,18.5116,2.6307,52566.62
A3D92,A,F,1551,4,4.46,4,-2.91231418864556,0.2247,0.0002319,4.5,0.152493,21.94222,0.592050536131277,21.1007,22.6913,0.21452300000000002,0.008418601163824993,0.1998,0.2239,4.29222,0.5033594712860118,3.6139,4.9859,1.00394e-05,7.842221907370676e-08,1e-05,1.0251e-05,0.0029661600000000002,6.773673219818693e-05,0.0028704,0.0031105,337.13623000782155,0.08855698215840209,0.007972838544284933,0.08085066968880811,0.10210890824829572,365,219,187,60,475,38,78,11,253,2,40,0,7.93047830923248,0.0239332442544094,0.00543081611022787,54.6971776467573,28518.0,89.5581999999999,20.4959,213373.69,13,34,34,0,24,1,16,0,25,0,0,5.73305084745763,0.0311037845705968,0.00394279475982533,54.2480998613037,4059.0,21.3683,2.7087,39112.88,1103,925,1884,354,1177,160,536,9,271,0,414,34,9.16839146728164,0.0255086846543001,0.00458390449894429,63.0414101730194,63610.3,181.5198,28.2231,484599.32,1984,2706,3837,508,5313,1209,1994,65,1155,2,1564,55,9.46713284810305,0.026879005764941,0.00430371390918894,61.9475627093717,333631.2287,927.8364,143.6924,2274528.66,37225,1,7,7,0,1,0,0,0,1,0,0,0,2.23112321428571,0.0330802469135802,0.00292716049382716,63.2315976331361,374.8287,5.359,0.4742,10686.14,5,72,138,0,8,1,30,0,4,0,12,0,4.25255405027933,0.0330725731895223,0.00291698113207547,66.6725936199723,3044.8287,21.4641,1.7006,48070.94
F18AE,A,M,1420,4,5.01,5,-2.01152755046212,0.2676,0.0002762,4.5,4.377662,19.24219,0.42583041081841266,18.2562,19.6428,0.194355,0.005225801905502689,0.18245,0.19984,3.71262,0.23834212011774641,3.296,4.0864,0.0007548714999999999,0.0010926824718114844,1.0167e-05,0.0033505,0.00320822,0.0001268059655098643,0.0030002,0.0034282,311.6993223656732,0.056327776316741816,0.0029705637014489053,0.0527229992241888,0.061157081987465486,366,217,191,60,458,38,51,11,237,2,20,0,7.66397774687065,0.0242016025641025,0.00526954907161803,53.48758267111,27552.0,90.6107999999999,19.8662,208655.06,10,30,30,0,32,1,44,0,9,0,0,6.15611814345992,0.0336826338639653,0.00292272069464544,58.0773092926491,4377.0,23.2747,2.0196,41873.74,1198,926,1884,354,1214,161,505,9,273,0,414,34,9.26394856057285,0.0252804919184821,0.00462254344648368,62.6341069337844,63393.2,179.8707,28.461,481468.38,1964,2527,3494,508,5306,1210,1935,65,1100,2,1552,55,10.1329040694959,0.0265212366102554,0.00436000261549024,62.4089321776427,325438.48,836.8511,133.3594,2095255.08,34081,1,78,7,0,26,0,0,0,12,0,0,0,6.44869047619048,0.0173681318681319,0.00581975308641975,56.0284023668639,1083.38,1.5805,0.9428,9468.8,3,103,30,0,172,12,0,0,35,0,0,0,9.66459610027855,0.0152886731391586,0.00615745296671491,49.7311234396671,6939.18,9.4484,4.2548,35856.14
41845,A,M,1551,4,8.68,9,1.57582100888551,0.6114,0.0006309,5.5,4.532158,14.553980000000001,0.22677359634666455,14.2697,14.8236,0.17647,0.00433303845150516,0.17023,0.18146,2.01256,0.057617323783737115,1.9207,2.0854,0.0013243486000000001,0.0010771534613144035,1.0083e-05,0.00255,0.005553979999999999,0.0002707234866468408,0.0052812,0.0061226,180.05106248131972,0.062062651609387245,0.002300726050895748,0.05826199580704605,0.06580728599286247,366,217,191,60,349,28,49,11,237,2,19,0,6.57563282336579,0.0242268963675213,0.00525188328912466,53.3510766470136,23639.4,90.7054999999999,19.7996,208122.55,10,30,30,0,32,1,52,0,10,0,0,6.22925457102672,0.0338402315484805,0.0029684515195369,58.4424549237171,4429.0,23.3836,2.0512,42137.01,1198,926,1884,354,1222,161,497,9,272,0,414,34,9.40990793511618,0.0252359100491918,0.00462202371284716,62.5667009236373,64392.0,179.5535,28.4578,480950.23,1984,2702,3833,508,5387,1212,2015,65,1138,2,1588,56,9.67680564115661,0.0268566462937752,0.00429935014374702,62.1022371108751,341020.3076,927.172,143.5639,2280207.84,37225,1,7,7,0,7,0,22,0,0,0,24,1,7.32564107142857,0.0293981481481481,0.00400987654320988,72.252899408284,1230.7077,4.7625,0.6496,12210.74,7,72,138,0,14,1,44,0,4,0,36,1,4.03796582633053,0.0320428351309707,0.00346020583190395,69.1191955617198,2883.1076,20.7958,2.0173,49834.94
18FBE,A,M,1456,4,7.02,7,0.165202324123607,0.4444,0.0004586,5.0,5.792558,15.580360000000002,0.21229932851728195,15.227,15.7951,0.178277,0.009033825386352737,0.16544,0.19037,2.5922099999999997,0.09883670539497635,2.481,2.8233,0.0015314608,0.0014640926638598316,1.0006e-05,0.0043125,0.00471567,0.0002871646064929002,0.0042862,0.0051701,212.05894390404757,0.0654376546804604,0.004128370507734435,0.05711045456179309,0.07280345738894972,369,212,186,60,453,38,35,4,228,2,0,0,7.33569042316258,0.0242558015470792,0.00513128476821191,52.5075416559856,26349.8,90.9349999999999,19.3706,204831.92,7,34,30,0,26,1,89,0,9,0,0,6.57843137254902,0.0371844250363901,0.002694500723589,58.1926352288488,4697.0,25.5457,1.8619,41956.89,1205,922,1884,354,1148,161,454,9,274,0,414,34,8.95174078408426,0.0248481528304537,0.00465666720805587,62.5324586965006,61194.1,176.894,28.6711,480687.01,1969,2565,3630,508,4936,1201,1926,65,1122,2,1552,55,9.58849272501214,0.0265327300802965,0.00435862046942361,62.1151058454569,316190.1361,859.129799999999,136.4902,2139057.9,34945,1,7,7,0,5,0,0,0,2,0,0,0,4.44211964285714,0.0318364197530864,0.00378024691358025,51.6189349112426,746.2761,5.1575,0.6124,8723.6,5,30,87,0,36,0,0,0,13,0,0,0,3.8341844972067,0.0289102749638205,0.0039686119873817,53.6064909847434,2745.2761,19.977,2.5161,38650.28
5702A,A,M,1449,4,5.71,6,-1.35109510304871,0.3258,0.0003362,5.0,5.435089,15.795370000000002,0.2122697133889389,15.4893,16.0238,0.187323,0.005299744333456095,0.1799,0.19453,2.4051099999999996,0.34153349420908435,2.0637,3.2685,0.0034917750000000003,0.0012554464472073492,0.00020775,0.0045711,0.00258063,6.326009888635264e-05,0.0025019,0.0026838,387.5022765758749,0.037383853065361065,0.0028616638043495873,0.033945075358167466,0.04217249614631205,369,203,186,60,449,38,39,4,231,2,0,0,7.38758351893096,0.0242596061734965,0.00516320529801324,52.5323455524224,26536.2,91.1676,19.4911,204928.68,6,34,30,0,23,1,95,0,5,0,0,6.6013986013986,0.0388822416302766,0.00235151953690304,57.3094174757281,4720.0,26.7121,1.6249,41320.09,1217,922,1884,354,1198,161,444,9,274,0,414,34,9.02907385697538,0.0247557100716393,0.00466702939743381,62.4118602835957,61614.4,176.2359,28.7349,479759.97,1968,2558,3623,508,5095,1202,1922,65,1118,2,1552,55,9.76020571184736,0.0265233588876129,0.00436030365282148,62.1372896787183,320222.5892,854.5561,135.8409,2129382.78,34777,1,7,7,0,1,0,0,0,5,0,0,0,3.56362619047619,0.0299216049382716,0.00486543209876543,53.2197633136095,598.6892,4.8473,0.7882,8994.14,5,30,93,0,38,1,0,0,19,0,0,0,3.95389553072626,0.0281033285094067,0.00427531847133758,53.8057142857143,2830.9892,19.4194,2.6849,38793.92
1F9BA,A,M,1505,4,5.73,6,-1.65942217581344,0.3275,0.000338,5.0,2.646964,16.843719999999998,0.47854527662257546,16.1583,17.5843,0.158825,0.007348403076708418,0.15082,0.17123,3.63442,0.1993231591606399,3.3327,3.9304,1.2749900000000001e-05,4.6196144006952696e-06,1.0001e-05,2.4527e-05,0.004376629999999999,0.00014247916845786432,0.0042016,0.004587,228.48630110381734,0.10041711853001312,0.008776203440819261,0.09238696967972174,0.12007649006502505,264,181,185,60,459,37,95,0,181,2,0,0,7.70976467406005,0.0264026984126984,0.00463503707627118,51.7792027685208,28503.0,99.8022,17.5019,201990.67,6,43,37,0,27,0,87,0,7,10,0,6.67552447552448,0.0353560471976401,0.00231681286549708,63.1345769764216,4773.0,23.9714,1.5847,45520.03,1230,914,1913,354,1035,142,405,9,270,0,404,34,8.09083834972838,0.0245505261680932,0.00468996409921671,61.9232067126318,55106.7,174.9716,28.7401,476003.69,1973,2652,3787,508,5027,1117,1906,65,1125,2,1564,55,9.28210591249853,0.0266299829693149,0.00433558792602216,62.1561356807907,316965.3527,891.2789,140.1869,2213566.46,36121,3,7,7,0,1,0,0,0,1,0,0,0,3.71067891566265,0.0321827160493827,0.00323827160493827,65.1072189349112,615.9727,5.2136,0.5246,11003.12,7,72,138,0,8,1,30,0,4,0,12,0,4.61581610644258,0.0323090909090909,0.00312246998284734,67.6285159500694,3295.6927,20.9686,1.8204,48760.16
BB128,A,M,1501,4,6.07,6,-1.23138258141298,0.3571,0.0003686,5.0,6.886824,16.419289999999997,0.06448688841755155,16.3399,16.5231,0.17422299999999996,0.002261956134754948,0.17097,0.17726,3.35714,0.0731574587979776,3.2473,3.5123,1.00234e-05,5.2580520262841535e-08,1e-05,1.0168e-05,0.00407717,8.018351243657686e-05,0.0039543,0.0042096,245.26816394705153,0.06722041716955736,0.004788324067333356,0.06239979721275746,0.07386164688241402,169,182,186,60,448,36,116,0,177,2,0,0,7.31872362869198,0.0267227044191585,0.00455753642384106,51.6871827736477,27752.6,100.9851,17.2047,201631.7,8,44,80,2,27,0,66,0,7,10,0,6.70406732117812,0.0340788774002954,0.00234461778471139,63.7474269819193,4780.0,23.0714,1.5029,45834.4,1227,916,1903,352,1044,154,413,9,272,0,404,34,8.01378045201057,0.0245937824561403,0.00470534376018247,61.8898088177917,54605.9,175.2307,28.8814,475870.74,1972,2648,3783,508,4710,1137,1885,65,1125,2,1564,55,8.89558255366634,0.026590646253408,0.00434322002357175,62.1748982177548,302921.2727,887.516,140.0341,2208265.86,36025,3,7,7,0,1,0,0,0,1,0,0,0,3.71067891566265,0.0321827160493827,0.00323827160493827,65.1072189349112,615.9727,5.2136,0.5246,11003.12,7,72,138,0,8,1,30,0,4,0,12,0,4.71956960784314,0.0323090909090909,0.00312246998284734,67.6285159500694,3369.7727,20.9686,1.8204,48760.16
3C947,A,F,1523,4,6.23,6,0.11201352868197,0.3714,0.0003833,5.0,8.372,17.275420000000004,0.34049254454229794,16.7182,17.7766,0.170087,0.010174828472482687,0.15854,0.18519,3.6003700000000003,0.09825938518929264,3.4585,3.7513,0.0019507448999999996,0.0016697865887576073,1.012e-05,0.0041325,0.00464994,0.00024286321344420275,0.0042877,0.0050142,215.05653836393589,0.051731639309466206,0.005512686376331765,0.045362646892645714,0.060575885996434556,154,183,187,60,431,37,118,0,176,2,0,0,7.26834778040452,0.0268098729486501,0.00454114997350291,51.669820558831,27670.6,101.2877,17.1383,201563.97,8,44,103,2,26,0,64,0,7,10,0,6.64095371669004,0.0338830132939439,0.00229223300970874,63.9252990264256,4735.0,22.9388,1.4166,45962.29,1227,916,1880,352,1218,161,413,9,272,0,404,34,9.13611681831523,0.0246154666666667,0.0047005031650706,61.8559890753024,62253.5,175.3852,28.9598,475610.7,1978,2670,3805,508,5063,988,1927,66,1130,2,1612,61,8.94307334490238,0.0266128973231414,0.00433546476120681,62.3239159384103,309206.7609,901.7248,141.977800000001,2246465.55,36553,3,7,7,0,1,0,13,1,5,0,18,5,1.87542590361446,0.0262679012345679,0.00392222222222222,75.3086390532545,311.3207,4.2554,0.6354,12727.16,9,30,30,0,11,0,44,1,6,0,48,6,4.98429873595506,0.029208972503618,0.00369696092619392,70.002718446602,3548.8207,20.1834,2.5546,50471.96
B8A0E,A,M,1450,4,6.57,7,-0.334340409566092,0.4023,0.0004151,5.0,13.246923,15.895239999999998,0.15003171664684753,15.6426,16.1224,0.18160699999999996,0.005145783710961821,0.17332,0.1887,2.5777200000000002,0.12482592145330498,2.3778,2.7625,0.0006103332,0.0009881019913372416,1.0081e-05,0.0023783,0.00454419,0.00023750459855197186,0.0041977,0.0048472,220.06122103169102,0.07505899469646192,0.004048901977997069,0.06945533555051664,0.08059274248904985,154,184,188,60,455,37,123,0,174,2,0,0,7.59548200682952,0.0271230076780514,0.00449644844950967,51.665108946424,28916.0,102.4436,16.9651,201545.59,25,44,158,2,25,0,61,0,6,12,0,6.45114942528736,0.033319940915805,0.00221989342806394,65.0319888734353,4490.0,22.5576,1.2498,46758.0,1215,916,1824,352,1211,161,411,9,272,0,402,34,9.10298857310284,0.0246115649122807,0.00469348560398906,61.717549746391,62137.0,175.3574,29.1794,474546.24,1964,2555,3624,508,5322,1210,1845,65,1120,2,1552,55,9.94800809452751,0.0263749271227439,0.00438624627128974,62.0838882570787,326662.7418,850.4859,136.75,2129042.78,34801,1,7,7,0,0,0,8,0,3,0,0,0,5.77643928571428,0.0328308641975309,0.00316234567901235,57.4055621301775,970.4418,5.3186,0.5123,9701.54,3,30,30,0,1,0,23,0,8,0,0,0,4.1517295264624,0.0316301013024602,0.00362445730824891,55.469653259362,2980.9418,21.8564,2.5045,39993.62
41549,A,M,1419,4,4.72,5,-2.35045598205356,0.2447,0.0002525,4.5,32.0,19.931550000000005,0.4164309660009021,19.2835,20.444,0.20727299999999999,0.01108284465088073,0.19263,0.22114,3.8703000000000003,0.45115812453432924,3.275,4.3756,1.10155e-05,2.0599822140548253e-06,1e-05,1.6593e-05,0.00406287,0.00035245567743413586,0.0035443,0.0045411,246.1314292605966,0.08330323743954404,0.01863698829377925,0.06376995554094694,0.1079411973491621,154,184,188,60,455,37,132,0,175,2,0,0,7.60231153138955,0.0272378077839555,0.00448401802279353,51.6541604716739,28942.0,102.8772,16.9182,201502.88,49,44,158,2,25,0,60,0,7,16,0,6.4375,0.0330257016248154,0.00236571936056838,65.5369401947149,4326.0,22.3584,1.3319,47121.06,1192,916,1824,352,1216,161,403,9,270,0,398,34,9.08942911373923,0.0246090245614035,0.004685861347917,61.6830836259592,62253.5,175.3393,29.132,474281.23,1961,2524,3593,508,5325,1210,1813,65,1111,2,1552,55,10.0904715883599,0.0262490787429043,0.00440513721113446,62.226694387314,323863.7761,827.7122,134.1981,2087643.37,34057,1,7,7,0,5,0,0,0,2,0,0,0,4.44211964285714,0.0318364197530864,0.00378024691358025,51.6189349112426,746.2761,5.1575,0.6124,8723.6,5,30,87,0,36,0,0,0,13,0,0,0,3.8341844972067,0.0289102749638205,0.0039686119873817,53.6064909847434,2745.2761,19.977,2.5161,38650.28
98410,A,M,1354,4,6.81,7,0.520392322399275,0.4245,0.0004381,5.0,3.42953,16.16966,0.0703214871540377,16.0315,16.2638,0.19307700000000003,0.00610022595209937,0.18389,0.19895,2.4417400000000002,0.12227839093187684,2.3257,2.6687,1.4929599999999998e-05,1.2713517191468998e-05,1e-05,5.0228e-05,0.00499212,0.0002234229163616741,0.0047017,0.0053679,200.31569753932197,0.0692472749497109,0.0019127646827134216,0.06586998585107127,0.07288735658551077,156,186,184,60,397,31,175,0,142,0,9,0,7.36373193166886,0.0287729006622517,0.0040277468890654,52.7817046911048,28019.0,108.6177,15.2128,205901.43,317,50,159,2,25,0,57,0,6,29,0,7.04455445544554,0.0303399403874814,0.00318718861209964,67.3260917941586,2846.0,20.3581,1.7912,48407.46,926,902,1824,352,1200,161,402,9,266,0,376,34,8.79755446240337,0.0248028715506373,0.00470469679909924,61.3619495383015,62594.6,177.0677,29.2491,471812.03,1948,2446,3423,508,5218,1209,1770,65,1080,2,1543,55,10.2900769255949,0.0260833283418189,0.00444536355506639,62.5322557754227,314351.56,783.8301,129.2445,2000344.33,32497,1,78,7,0,26,0,0,0,12,0,0,0,6.44869047619048,0.0173681318681319,0.00581975308641975,56.0284023668639,1083.38,1.5805,0.9428,9468.8,3,103,30,0,143,12,0,0,35,0,0,0,8.24075208913649,0.0152886731391586,0.00615745296671491,49.7311234396671,5916.86,9.4484,4.2548,35856.14
4D86E,A,M,1472,4,7.28,7,0.379497532949294,0.4693,0.0004844,5.0,3.763558,17.11459,0.6540246859934946,16.3935,18.1046,0.158532,0.016338463004007858,0.14267,0.183,2.0875100000000004,0.29977344204508105,1.6167,2.5773,0.0005565962000000001,0.0008132935044250357,1e-05,0.0020839,0.00551527,0.0006203319094556469,0.0045304,0.0062098,181.31478603948673,0.08142850568838608,0.015649295795300146,0.06713465788968415,0.10773284810449199,156,188,201,60,384,31,182,0,141,0,10,0,7.32667542706965,0.0291708984892658,0.00392954787234043,53.2686849525763,27878.0,110.0618,14.7751,207801.14,328,48,138,2,16,0,51,0,7,28,0,6.18575063613232,0.0286206537890045,0.00349296740994854,67.5210292072323,2431.0,19.2617,2.0364,48547.62,915,902,1824,352,1219,161,404,9,265,0,376,34,8.99712321077743,0.0249686930942709,0.00469198970564581,61.4401846794122,64113.5,178.2515,29.1701,472413.58,1967,2606,3728,508,5110,1058,1819,65,1118,2,1554,55,9.27802268149391,0.0264383338935917,0.00438376000759471,62.1426742482983,309533.3927,865.1416,138.5312,2163870.06,35329,3,7,7,0,1,0,0,0,1,0,0,0,3.71067891566265,0.0321827160493827,0.00323827160493827,65.1072189349112,615.9727,5.2136,0.5246,11003.12,7,72,138,0,8,1,30,0,4,0,12,0,4.71956960784314,0.0323090909090909,0.00312246998284734,67.6285159500694,3369.7727,20.9686,1.8204,48760.16
B3B64,A,F,1345,4,6.3,6,1.39623393763527,0.3777,0.0003898,4.5,4.060179,20.33439,0.5945263669510379,19.1901,21.105,0.19241800000000003,0.011556773675112693,0.17927,0.21645,2.91239,0.11239308450453903,2.7206,3.0731,0.002526657,0.0021006684641272856,1.002e-05,0.0054898,0.004810550000000001,0.00023910435773713724,0.0044571,0.0050776,207.87643824510707,0.07333315777445167,0.01497779245514107,0.05687710537451116,0.10510451634586618,159,189,270,62,371,31,182,0,137,0,10,0,7.31115202524987,0.0292077677624602,0.00393104849634246,53.46828930495,27797.0,110.1717,14.5095,208472.86,328,50,69,0,16,0,56,0,7,42,0,5.94656488549618,0.0281327868852459,0.0036090490797546,69.1915533980582,2337.0,18.8771,2.3531,49887.11,912,899,1824,352,1054,86,399,9,265,0,362,34,8.10946836863515,0.0250114253710445,0.00467632298536272,61.2920925998179,57812.4,178.6316,29.0727,471274.9,1945,2434,3324,506,4419,1119,1763,65,1080,2,1542,55,9.51911128691984,0.0260462056488089,0.00445591048796492,62.5399323367426,288771.76,777.4011,129.0298,1987206.35,32281,1,78,7,0,26,0,0,0,12,0,0,0,6.44869047619048,0.0173681318681319,0.00581975308641975,56.0284023668639,1083.38,1.5805,0.9428,9468.8,3,103,30,0,172,12,0,0,35,0,0,0,9.66459610027855,0.0152886731391586,0.00615745296671491,49.7311234396671,6939.18,9.4484,4.2548,35856.14
45FBB,A,M,1178,3,5.72,6,0.267973943820882,0.3266,0.0003371,4.5,1.60147,19.81229,0.3251370017221799,19.2636,20.2608,0.20783100000000002,0.008254833533552735,0.19699,0.22184,4.04919,0.17458253985499864,3.7649,4.262,0.0003172899,0.0004859193515408475,1.0001e-05,0.0014056,0.00413926,0.00022882241634556325,0.0037393,0.0044424,241.58907630832567,0.0649185908771466,0.007192552465393479,0.05868008117715634,0.08247861281862343,542,336,1273,131,551,82,58,2,229,0,7,0,8.306463878327,0.0199705379310345,0.00570420386904762,55.3012715404699,28399.8,72.3932,15.3329,211803.87,88,31,30,0,13,0,3,0,7,0,0,3.37440758293839,0.0312817391304348,0.00288277858176556,50.7866574202496,2136.0,21.5844,1.992,36617.18,262,597,607,60,1503,351,449,27,284,2,321,0,11.8191926982903,0.0272013970983342,0.00442721280602636,62.0017892494675,91941.5,202.4872,32.9119,494836.28,831,1739,1911,154,4133,1050,1442,56,857,2,1150,21,9.89763537643029,0.0270973392628325,0.00425670662316973,61.8687463992317,271610.91,719.000799999999,112.2153,1739687.28,28273,2,49,49,0,4,1,12,0,2,0,8,0,6.51682634730539,0.03112,0.00322166666666667,66.2117159763314,1088.31,3.7344,0.3866,11189.78,4,72,138,0,16,1,30,0,3,0,12,0,5.5555230125523,0.0324235747303544,0.00293722126929674,66.4728710124826,3983.31,21.0429,1.7124,47926.94
EA21B,A,M,1130,3,4.0,4,-1.49273043033636,0.1908,0.0001969,4.5,2.705154,21.595509999999997,0.3802133303233268,21.1565,22.0793,0.22444699999999998,0.007301409376886693,0.21594,0.23438,4.9825099999999996,0.24810030879106573,4.6192,5.322,1.5954199999999997e-05,1.7174972196645777e-05,1e-05,6.4798e-05,0.00336189,0.00010406986382020281,0.0031868,0.003494,297.45173102034863,0.06427152845708377,0.01322565872549067,0.04964760510797984,0.08467613941233304,594,327,1155,129,558,82,51,2,229,0,7,0,8.47508167508168,0.0204082828838745,0.00554415538132573,54.1778627348643,28535.6,74.1637,15.5569,207609.57,36,31,30,0,9,0,25,0,8,0,0,3.97810218978102,0.0302730434782609,0.00305716353111433,55.4509292649098,2725.0,20.8884,2.1125,39980.12,256,596,607,60,1492,351,427,27,281,2,321,0,11.6374438021837,0.0272224177300201,0.0044226392251816,61.7185390301967,90597.5,202.6709,32.8779,492575.66,768,1648,1755,154,3992,1048,1409,56,852,2,1138,21,9.88886591659394,0.0268677344639422,0.00430747851454704,61.8608499276892,260601.2835,684.401799999999,109.2635,1668201.53999999,27121,1,7,7,0,0,0,15,0,4,0,0,0,5.8491875,0.0338796296296296,0.00349876543209877,58.5143195266272,982.6635,5.4885,0.5668,9888.92,3,30,30,0,1,0,23,0,8,0,0,0,4.02919707520891,0.0317988422575977,0.00360448625180897,55.1453536754508,2892.9635,21.973,2.4907,39759.8
C0AA9,A,M,1170,3,4.31,4,-1.36130982764582,0.2135,0.0002203,4.0,4.354416,26.976679999999998,0.7577580481628394,26.0328,28.1629,0.246288,0.01730677247014397,0.23078,0.28234,5.77532,0.2944934287137076,5.0801,6.1205,0.0046783696,0.003124465391796818,1.0421e-05,0.0078654,0.0037603399999999996,0.00024751141926518595,0.003237,0.0040617,265.93339963939434,0.06348370401277668,0.011268595778531409,0.052362282598437934,0.08995729520157211,594,327,1155,129,528,81,51,2,229,0,7,0,7.93121473121473,0.0204082828838745,0.00554415538132573,54.1778627348643,26704.4,74.1637,15.5569,207609.57,36,31,30,0,9,0,25,0,8,0,0,3.97810218978102,0.0302730434782609,0.00305716353111433,55.4509292649098,2725.0,20.8884,2.1125,39980.12,256,596,607,60,1456,347,427,27,281,2,321,0,11.4282980089917,0.0272224177300201,0.0044226392251816,61.7185390301967,88969.3,202.6709,32.8779,492575.66,772,1730,1903,154,4082,1046,1442,56,855,2,1150,21,9.83268189974002,0.0270554741755531,0.00426825960730386,61.9777376732193,268520.71,712.938799999999,111.7345,1730852.28,28081,2,49,49,0,4,1,12,0,2,0,8,0,6.51682634730539,0.03112,0.00322166666666667,66.2117159763314,1088.31,3.7344,0.3866,11189.78,4,72,138,0,16,1,30,0,3,0,12,0,5.5555230125523,0.0324235747303544,0.00293722126929674,66.4728710124826,3983.31,21.0429,1.7124,47926.94
54A8D,A,F,1170,3,5.2,5,0.783426140378969,0.283,0.0002921,4.0,15.969063,23.88221,0.46440693948782097,23.2126,24.7426,0.22499500000000006,0.015641271083614378,0.20581,0.25656,4.20398,0.33362031912539936,3.5677,4.7052,0.00041951590000000006,0.000701962584687223,1e-05,0.0017792,0.00350447,0.000311210164965378,0.0030539,0.0039041,285.3498531875005,0.08123557770091554,0.014906632952363033,0.06873380397796985,0.11748063583490845,616,323,1151,129,583,76,44,2,218,0,0,0,8.55844544095665,0.0206406267179769,0.00540395017793594,52.6250887265136,28628.0,75.0906,15.1851,201659.34,18,38,98,0,20,0,33,0,5,0,0,4.97866287339972,0.0321250366032211,0.0027016051364366,57.7901803051318,3500.0,21.9414,1.6831,41666.72,254,589,539,60,1485,351,442,27,283,2,321,0,11.6618723513548,0.0273223027375201,0.00439576113036524,61.5651522365618,90811.0,203.6058,32.977,491351.48,751,1730,1903,154,4130,1050,1463,56,851,2,1174,22,9.95644740944018,0.0270861143789609,0.00426807624723051,62.2011021592006,272109.7077,713.746199999999,111.7297,1737090.18,28081,1,7,7,0,7,0,22,0,0,0,24,1,7.32564107142857,0.0293981481481481,0.00400987654320988,72.252899408284,1230.7077,4.7625,0.6496,12210.74,7,72,138,0,15,1,44,0,4,0,36,1,5.70519285714286,0.0320428351309707,0.00346020583190395,69.1191955617198,4073.5077,20.7958,2.0173,49834.94
65905,A,F,1082,3,4.03,4,-0.514482251998842,0.193,0.0001991,4.5,5.599738,19.79891,0.3171331632330843,19.4539,20.5566,0.222146,0.005643179167021999,0.2142,0.23112,4.386080000000001,0.600822868702212,3.5321,5.6423,0.0034135030000000005,0.002385624514340707,0.00041803,0.008847,0.0022755500000000003,0.00011190436641267504,0.0020875,0.0024483,439.45419788622524,0.05323547968645794,0.00814462196200627,0.039507205078331525,0.06287895052042615,616,323,1151,129,584,76,37,2,218,0,0,0,8.53871449925262,0.0206123419461242,0.00537032028469751,52.5639274530272,28562.0,74.9877,15.0906,201424.97,19,38,98,0,12,0,33,0,5,0,0,3.92849002849003,0.0322468521229868,0.00275666131621188,58.024105409154,2757.8,22.0246,1.7174,41835.38,253,594,544,60,1484,351,442,27,283,2,321,0,11.6558808423215,0.0273073452396938,0.00439710550887022,61.5291116401453,90776.0,203.3578,32.9651,491063.84,740,1600,1707,154,4059,1048,1383,56,839,2,1138,21,10.2524867890126,0.0266898190323772,0.00434195861841564,62.2033027309702,258659.9892,650.404199999999,105.3446,1605778.26,25969,1,7,7,0,1,0,0,0,5,0,0,0,3.56362619047619,0.0299216049382716,0.00486543209876543,53.2197633136095,598.6892,4.8473,0.7882,8994.14,5,30,93,0,38,1,0,0,19,0,0,0,3.95389553072626,0.0281033285094067,0.00427531847133758,53.8057142857143,2830.9892,19.4194,2.6849,38793.92
68112,A,F,1153,3,5.71,6,1.713649854403,0.3258,0.0003362,4.5,5.274064,20.092620000000004,0.433094515730176,19.5533,20.6584,0.202299,0.009477779217142001,0.19055,0.21569,3.79788,0.22796085336449035,3.3986,4.0548,0.00024833159999999995,0.0007294706205017139,1e-05,0.0023236,0.0050320899999999995,0.0010659956404434517,0.0036877,0.0068196,198.7245856095579,0.05764251978436734,0.012414481099616462,0.04237608423871009,0.07976732062453536,616,323,1151,129,584,76,37,2,218,0,0,0,8.53871449925262,0.0206123419461242,0.00537032028469751,52.5639274530272,28562.0,74.9877,15.0906,201424.97,19,38,98,0,18,0,33,0,5,0,0,4.90740740740741,0.0322468521229868,0.00275666131621188,58.024105409154,3445.0,22.0246,1.7174,41835.38,253,594,544,60,1484,351,442,27,283,2,321,0,11.6558808423215,0.0273073452396938,0.00439710550887022,61.5291116401453,90776.0,203.3578,32.9651,491063.84,747,1713,1886,154,4045,1039,1439,56,850,2,1150,21,9.93349067815495,0.0270329930662557,0.00427897390157833,62.1153493949633,267469.17,701.776499999999,110.3419,1709352.3,27673,2,49,49,0,4,1,12,0,2,0,8,0,6.51682634730539,0.03112,0.00322166666666667,66.2117159763314,1088.31,3.7344,0.3866,11189.78,4,72,138,0,16,1,30,0,3,0,12,0,5.5555230125523,0.0324235747303544,0.00293722126929674,66.4728710124826,3983.31,21.0429,1.7124,47926.94
8E907,A,M,1157,3,4.79,5,-0.713411696163581,0.2502,0.0002582,4.5,19.492895,20.273709999999998,0.1020061158297221,20.0933,20.439,0.22698199999999996,0.0019748406405468663,0.22431,0.23052,4.950989999999999,0.15116930501188977,4.7022,5.1322,1.16803e-05,4.291059544111584e-06,1e-05,2.3785e-05,0.00364052,7.251710602793429e-05,0.0035636,0.0038222,274.68603386329426,0.07528124003653433,0.006925949854508514,0.06595337452604247,0.08629559195519126,619,323,1151,129,486,63,35,2,212,0,0,0,7.59970077797726,0.0207498900494777,0.00532014234875445,52.3716597077245,25398.2,75.4881,14.9496,200688.2,15,38,98,0,18,0,42,0,5,0,0,5.09915014164306,0.0318288433382138,0.0029470304975923,58.9520665742025,3600.0,21.7391,1.836,42504.44,253,594,544,60,1484,351,433,27,283,2,321,0,11.6444530046225,0.0273186786625487,0.00439143657462986,61.4418970053878,90687.0,203.4422,32.9226,490367.78,744,1717,1890,154,4073,1050,1439,56,851,2,1150,21,9.86747414246069,0.0270498810072163,0.00427717067892887,62.1375339489406,266668.4887,704.703499999999,110.6889,1715928.0,27769,1,7,7,0,1,0,0,0,1,0,0,0,2.23112321428571,0.0330802469135802,0.00292716049382716,63.2315976331361,374.8287,5.359,0.4742,10686.14,5,72,138,0,8,1,30,0,4,0,12,0,4.25255405027933,0.0330725731895223,0.00291698113207547,66.6725936199723,3044.8287,21.4641,1.7006,48070.94
B4993,A,F,1164,3,4.36,4,-0.524860072250938,0.2172,0.0002241,4.5,8.622389,20.10811,0.3148078159766685,19.7408,20.553,0.224365,0.002886394328954765,0.22009,0.22891,4.3607,0.13862121049824946,4.1918,4.6316,4.93086e-05,0.00010661162185157028,1e-05,0.00035232,0.00376456,0.0002743073628857478,0.0032626,0.0042123,265.635293367618,0.07636170540190715,0.010278067135155354,0.06365571281350194,0.09437361489699429,618,320,1089,129,527,44,31,2,207,0,0,0,7.58450493568651,0.0209505904971162,0.00519025069637883,52.1445537578288,25355.0,76.2811,14.9064,199817.93,15,38,98,0,25,0,57,0,5,0,0,6.02266288951841,0.0314919472913616,0.00332985553772071,60.4879334257975,4252.0,21.509,2.0745,43611.8,253,595,544,60,1456,351,423,27,284,2,321,0,11.356291730868,0.0273067418748321,0.00438388688808857,61.3347901265505,88442.8,203.326,32.866,489512.96,747,1724,1897,154,3854,1036,1463,56,851,2,1174,22,9.56983478116955,0.0270397894174646,0.0042840360983103,62.2497764820212,260203.8077,708.793999999999,111.5563,1729485.54,27937,1,7,7,0,7,0,22,0,0,0,24,1,7.32564107142857,0.0293981481481481,0.00400987654320988,72.252899408284,1230.7077,4.7625,0.6496,12210.74,7,72,138,0,12,0,44,0,4,0,36,1,4.74202759103641,0.0320428351309707,0.00346020583190395,69.1191955617198,3385.8077,20.7958,2.0173,49834.94
98A78,A,F,1106,3,4.64,5,0.306259385034931,0.2385,0.0002461,4.5,2.387931,22.17602,0.4580896899079914,21.7433,22.968,0.21503999999999998,0.00447321162278538,0.21062,0.22157,4.55063,0.1459514078193304,4.2928,4.735,2.4391799999999996e-05,1.745468957552032e-05,1e-05,5.2272e-05,0.0030473499999999995,8.943016207571627e-05,0.0029667,0.0032744,328.1539698426502,0.05624664002943182,0.006759634351737711,0.049674657073096075,0.06651609494970237,618,320,1020,129,522,43,32,2,210,0,0,0,7.50403828896201,0.0209822576215326,0.00513777626657599,52.1754618997913,25086.0,76.3964,15.1102,199936.37,20,38,98,0,26,0,55,0,2,0,0,6.38659058487874,0.0323582723279649,0.0033123595505618,59.8493203883495,4477.0,22.1007,2.0636,43151.36,263,595,544,60,1456,351,421,27,285,2,321,0,11.3466958086912,0.0272586892291163,0.00438418033880219,61.2880140333292,88254.6,202.9682,32.8682,489139.64,739,1624,1731,154,3807,950,1402,56,844,2,1138,21,9.61223055878478,0.026782909995586,0.00433788990086243,62.0357803796747,248053.2218,667.456899999999,107.6404,1637186.28,26545,1,7,7,0,0,0,8,0,3,0,0,0,5.77643928571428,0.0328308641975309,0.00316234567901235,57.4055621301775,970.4418,5.3186,0.5123,9701.54,3,30,30,0,1,0,23,0,8,0,0,0,4.1517295264624,0.0316301013024602,0.00362445730824891,55.469653259362,2980.9418,21.8564,2.5045,39993.62
D3212,A,M,1099,3,4.53,5,-0.678624067208057,0.23,0.0002374,4.5,1.283847,22.11487,0.4408035567763341,21.4381,22.9922,0.21610699999999997,0.011726297180080142,0.19888,0.22937,5.001580000000001,0.3218451069829847,4.7011,5.7721,0.0032303138,0.002288378803913849,6.6518e-05,0.0066037,0.00377643,0.00016282871743713464,0.0034514,0.0040216,264.80035377327266,0.067022671077769,0.009803039904686624,0.05732798181786026,0.07946950103398606,621,321,905,129,469,34,42,2,210,0,0,0,7.20718562874251,0.0210814010989011,0.00507450916230366,52.223113256785,24072.0,76.7363,15.5077,200118.97,13,40,101,0,22,0,39,0,2,0,0,5.89519774011299,0.032723201174743,0.00329661290322581,59.52826629681,4173.8,22.2845,2.0439,42919.88,366,592,542,60,1473,347,419,27,285,2,321,0,11.6348534201954,0.0272095046314941,0.00437795706094146,61.2454554567097,89297.5,202.6836,32.8303,488799.98,731,1616,1724,154,3971,1044,1384,56,844,2,1138,21,10.1265481010684,0.0267676426638665,0.00434403926499819,62.0419059604162,259705.4526,662.793599999999,107.0936,1626924.89999999,26377,0,7,7,0,0,0,21,0,6,0,0,0,5.34326982248521,0.0345049382716049,0.00382654320987654,59.910650887574,903.0126,5.5898,0.6199,10124.9,2,30,30,0,1,0,23,0,8,0,0,0,3.91044867872044,0.0320134587554269,0.00357221418234443,54.9533703190014,2811.6126,22.1213,2.4684,39621.38
6D272,A,F,1075,3,3.91,4,-0.660937343607249,0.1844,0.0001903,4.0,0.98985,23.129700000000003,0.3299033932667092,22.7136,23.7391,0.242358,0.00798716025185979,0.23228,0.25489,4.676499999999999,0.41599087863931716,3.8767,5.1357,0.00048361890000000004,0.0005847073843175177,1.0001e-05,0.0015006,0.00197242,4.694116411944735e-05,0.0018747,0.002042,506.9914115654881,0.05777445955646353,0.011667035232211081,0.04653295823882923,0.0756123269114439,442,328,743,129,479,34,36,0,212,0,0,0,7.18641659562376,0.0216601706578585,0.00494630205096333,51.810506263048,25289.0,78.6914,15.9172,198537.86,13,33,36,0,29,0,44,0,0,0,0,6.20480225988701,0.0327414244186046,0.00351416058394161,62.4459639389736,4393.0,22.5261,2.4072,45023.54,365,593,540,60,1459,347,416,27,285,2,321,0,11.5400599270453,0.027247865198711,0.00432847620317291,61.0577646911415,88581.5,202.9421,32.4679,487302.02,729,1585,1632,154,4086,1045,1352,56,835,2,1138,21,10.3407764837269,0.0266304385530228,0.00436586122719187,62.1065387764649,259263.948,644.882699999999,105.5185,1592846.4,25801,1,7,7,0,0,0,0,0,0,0,0,0,3.26516666666667,0.0300037037037037,0.0036,52.8714792899408,548.548,4.8606,0.5832,8935.28,5,30,30,0,5,0,0,0,13,0,0,0,3.37925698324022,0.0304076700434153,0.00406136034732272,52.6505686546463,2419.548,21.0117,2.8064,37961.06
99FB8,A,M,1077,3,4.67,5,-0.38166846128924,0.2408,0.0002485,5.0,1.037904,19.350360000000002,1.4220704047268546,16.9843,20.6902,0.197529,0.003380474818719995,0.19237,0.20127,5.269399999999999,0.410975062774157,4.5984,5.8292,1.3670700000000001e-05,8.804392565961354e-06,1.0019e-05,3.8373e-05,0.0036027500000000005,0.00011485732453788047,0.0034354,0.003758,277.56574838664903,0.07765255646148728,0.010040412479493842,0.06265604525006696,0.08880048124155855,244,247,444,53,487,34,62,0,212,0,0,0,7.18079096045198,0.0227328486806678,0.00485095251634916,52.2902430910952,26691.0,84.4298,17.0608,204350.27,6,35,38,0,27,0,18,0,0,0,0,5.47188811188811,0.0311946064139942,0.00304304538799414,63.3669348127601,3912.4,21.3995,2.0784,45687.56,369,598,545,60,1444,351,445,27,286,2,325,0,11.5368873826903,0.0273286846701599,0.00434734525080043,61.1854404209999,88511.0,203.4074,32.5877,488321.0,723,1587,1634,154,4069,1049,1349,56,842,2,1138,21,10.2983070723553,0.0266519907674553,0.00436090026842867,62.0924623467599,258755.2635,646.630599999999,105.5992,1595465.81999999,25849,1,7,7,0,0,0,15,0,4,0,0,0,5.8491875,0.0338796296296296,0.00349876543209877,58.5143195266272,982.6635,5.4885,0.5668,9888.92,3,30,30,0,1,0,23,0,8,0,0,0,4.02919707520891,0.0317988422575977,0.00360448625180897,55.1453536754508,2892.9635,21.973,2.4907,39759.8
56FC2,A,M,1068,3,4.98,5,0.0403487854793762,0.2652,0.0002737,5.0,3.278236,16.159979999999997,0.68776339245412,15.2789,17.3689,0.15560300000000002,0.011216864337039806,0.14308,0.17728,3.83675,0.20838980701240326,3.5156,4.1158,0.0049340537000000005,0.003108959004036419,1.0805e-05,0.010144,0.00419038,9.687196360832863e-05,0.0040157,0.0043488,238.64184155136292,0.04477076392917016,0.004302621625167101,0.03943660922278577,0.05106519238792456,247,247,421,53,487,34,62,0,212,0,0,0,7.18605277329025,0.0228657242864836,0.0048361581920904,52.2933188331627,26689.0,84.9233,17.12,204362.29,2,35,38,0,28,0,22,0,0,0,0,5.71210013908206,0.0307416909620991,0.00309326500732064,63.8070735090153,4107.0,21.0888,2.1127,46004.9,370,598,545,60,1439,351,441,27,286,2,325,0,11.4433581019424,0.0273400913610103,0.00434290288153682,61.1625485528129,87782.0,203.4923,32.5544,488138.3,718,1578,1625,154,4060,1049,1328,56,836,2,1138,21,10.259783507927,0.026580482228227,0.004367814895035,62.1155210173082,255622.5061,639.393499999999,104.8625,1582641.35999999,25633,0,7,7,0,1,0,2,0,1,0,0,0,3.31660414201183,0.0325351851851852,0.00340123456790123,59.735976331361,560.5061,5.2707,0.551,10095.38,3,30,30,0,6,0,2,0,7,0,0,0,3.74764080779944,0.0309377713458755,0.00381693198263386,53.3982801664355,2690.8061,21.378,2.6375,38500.16
DBEE4,A,M,1043,3,4.54,5,-0.334621928028,0.2308,0.0002382,4.5,4.248451,18.72804,0.32806221699888294,18.3495,19.2855,0.19367700000000002,0.009892097912531551,0.17823,0.20684,3.93322,0.2515157242709799,3.6193,4.5606,0.0021136352,0.0017570104405346411,2.4344e-05,0.0049125,0.00374661,0.00014635618234673625,0.0035067,0.0039144,266.90795145478177,0.0684669148898922,0.009404077336359697,0.05724228908515407,0.08967975168552575,245,239,382,53,488,34,64,0,212,0,0,0,7.23331539289559,0.0231327243417518,0.00479335009779268,52.3986233367451,26879.0,86.1,17.1554,204773.82,15,35,38,0,37,0,26,0,2,14,0,6.25212464589235,0.030400583090379,0.00320307467057101,65.2722884882108,4414.0,20.8548,2.1877,47061.32,360,603,550,60,1438,351,447,27,284,2,311,0,11.5527926051295,0.0273904409787577,0.00432512348151115,61.076393935597,88737.0,203.7301,32.3995,487450.7,716,1552,1599,154,4050,1046,1324,56,834,2,1138,21,10.4023965168401,0.0264678633789021,0.00438987368780406,62.2954274689495,252955.0761,621.491899999999,102.8723,1549847.94,25033,1,7,7,0,5,0,0,0,2,0,0,0,4.44211964285714,0.0318364197530864,0.00378024691358025,51.6189349112426,746.2761,5.1575,0.6124,8723.6,5,30,87,0,36,0,0,0,13,0,0,0,3.8341844972067,0.0289102749638205,0.0039686119873817,53.6064909847434,2745.2761,19.977,2.5161,38650.28
CDB2E,A,M,1114,3,5.42,5,0.290778080096147,0.3012,0.0003109,5.0,2.196418,19.36084,0.5270593540263437,18.1496,19.8757,0.191132,0.007656122894636538,0.18141,0.20196,3.3395300000000008,0.28822461938950006,2.7875,3.7706,0.002554101,0.002070900349410533,4.7108e-05,0.0061496,0.00370467,9.169369359145944e-05,0.0035864,0.003909,269.929575373785,0.05807486776463282,0.00464126561684048,0.049960853756799664,0.06396970088535639,245,241,384,53,429,34,71,0,205,0,0,0,6.66324004305705,0.0234827688172043,0.00473536483086385,52.6816658137154,24760.6,87.3559,16.9384,205879.95,22,33,36,0,35,0,40,0,5,30,0,6.21459227467811,0.0304574127906977,0.00325868613138686,66.6606102635229,4344.0,20.9547,2.2322,48062.3,352,604,552,60,1392,351,447,27,283,2,295,0,11.0251268045259,0.0274498453677558,0.00430920016023501,60.9430121538654,84772.2,204.1445,32.2716,486386.18,724,1663,1776,154,3963,1048,1373,56,846,2,1150,21,9.92030325990851,0.0268434872776581,0.00431824045510998,62.2220155738628,258056.8487,673.073599999999,107.7876,1654047.84,26737,1,7,7,0,1,0,0,0,1,0,0,0,2.23112321428571,0.0330802469135802,0.00292716049382716,63.2315976331361,374.8287,5.359,0.4742,10686.14,5,72,138,0,8,1,30,0,4,0,12,0,4.25255405027933,0.0330725731895223,0.00291698113207547,66.6725936199723,3044.8287,21.4641,1.7006,48070.94
67B3A,A,M,1033,3,4.92,5,0.176567684133069,0.2604,0.0002688,4.5,0.180636,20.097100000000005,0.3172617146072869,19.685,20.4807,0.19960000000000006,0.0036275917937692746,0.1947,0.20475,4.15513,0.16830228789624668,3.7833,4.3545,0.002896354,0.0017639523962599192,0.00031464,0.0055536,0.00221017,4.004378298257493e-05,0.0021358,0.0022571,452.4538836379102,0.046925444380009576,0.008365259379360014,0.037086200281334296,0.0632618561225177,243,241,387,53,456,34,77,0,205,0,0,0,7.10914470145239,0.0240612365591398,0.0046993844432009,52.9050332650972,26431.8,89.5078,16.7956,206752.87,24,36,36,0,35,0,44,0,5,30,0,6.58737446197991,0.0307896350364964,0.00322029197080292,66.7385020804438,4591.4,21.0909,2.2059,48118.46,348,602,549,60,1433,351,442,27,283,2,295,0,11.471727544521,0.0274305820674822,0.00429112386545649,60.8842601177797,88252.0,204.0561,32.1491,485917.28,714,1540,1584,154,4048,1049,1311,56,834,2,1138,21,10.5426798953445,0.0264166344127639,0.00439646688784524,62.2962595884571,253857.1892,614.265999999999,102.0376,1534917.54,24793,1,7,7,0,1,0,0,0,5,0,0,0,3.56362619047619,0.0299216049382716,0.00486543209876543,53.2197633136095,598.6892,4.8473,0.7882,8994.14,5,30,93,0,38,1,0,0,19,0,0,0,3.95389553072626,0.0281033285094067,0.00427531847133758,53.8057142857143,2830.9892,19.4194,2.6849,38793.92
7B384,A,M,1048,3,4.17,4,-0.804267132600484,0.2031,0.0002096,4.0,6.663838,22.55196,0.8863731296067635,21.5131,24.2044,0.21229599999999998,0.014373838271897548,0.19505,0.23758,4.98907,0.35140593193627234,4.3078,5.322,0.0033917337,0.003058992155444013,6.9837e-05,0.0075835,0.002062,6.152856608474189e-05,0.0019518,0.0021729,484.96605237633366,0.05298770149747299,0.012217860577136523,0.04290824826591188,0.07740190288554633,243,241,387,53,443,34,80,0,205,0,0,0,6.80731576116191,0.0241256720430108,0.00470498041410185,52.9580194472876,25309.6,89.7475,16.8156,206959.94,24,36,36,0,35,0,41,0,5,30,0,6.65279770444763,0.0308506569343066,0.00310671532846715,66.7627184466019,4637.0,21.1327,2.1281,48135.92,348,603,550,60,1354,346,447,27,283,2,295,0,10.8587807097361,0.0274473514385587,0.00429639567480977,60.8859967422628,83536.5999999999,204.1534,32.1843,485931.14,716,1555,1599,154,3973,1044,1308,56,835,2,1138,21,10.2526925563694,0.0264794685990338,0.00438292858962385,62.1131813272529,250545.048,624.862499999999,103.2355,1552767.42,25153,1,7,7,0,0,0,0,0,0,0,0,0,3.26516666666667,0.0300037037037037,0.0036,52.8714792899408,548.548,4.8606,0.5832,8935.28,5,30,30,0,5,0,0,0,13,0,0,0,3.37925698324022,0.0304076700434153,0.00406136034732272,52.6505686546463,2419.548,21.0117,2.8064,37961.06
D8C43,A,F,1047,3,3.54,4,-1.07026158150144,0.1588,0.0001639,4.5,0.917011,18.826410000000003,1.28768081832762,17.1972,20.7338,0.20435499999999998,0.020958360967509942,0.1809,0.2413,6.280320000000001,0.6316413940414819,5.0133,7.1567,0.01848457,0.006551800801145352,0.0053657,0.027442,0.00255622,0.0001247709884370384,0.0023661,0.0027618,391.2026351409503,0.05184044226276017,0.0077910914482361765,0.04058957119432023,0.06892807486480763,235,235,381,53,403,33,80,0,198,0,0,0,6.68947933440687,0.0246863392377885,0.00457743016759777,53.6609723643807,24925.0,91.9813,16.3872,209707.08,26,38,38,0,52,0,59,2,7,43,0,7.76690647482014,0.0304963396778916,0.00337467057101025,68.1884882108183,5398.0,20.829,2.3049,49163.9,347,603,550,60,1262,343,433,25,281,2,282,0,10.5457369378737,0.0275019897821995,0.00426012548391403,60.6524771331913,81138.9,204.5598,31.9126,484067.42,716,1554,1598,154,3888,1041,1310,56,836,2,1138,21,10.0975642526523,0.0264820742311771,0.00439012366665251,62.0774702702701,246511.8361,624.314899999999,103.304,1550384.82,25129,0,7,7,0,1,0,2,0,1,0,0,0,3.31660414201183,0.0325351851851852,0.00340123456790123,59.735976331361,560.5061,5.2707,0.551,10095.38,3,30,30,0,6,0,2,0,7,0,0,0,3.74764080779944,0.0309377713458755,0.00381693198263386,53.3982801664355,2690.8061,21.378,2.6375,38500.16
A96F3,A,M,982,3,4.28,4,-0.28204266780239,0.2112,0.000218,4.5,1.462642,22.20207,1.2269050620248585,19.8157,23.6967,0.214139,0.009477339582158885,0.20086,0.2258,5.460469999999999,0.6228832654144222,4.7836,6.4768,0.0002048113,0.00032474915187505365,1e-05,0.00089081,0.00333362,0.00020719843307000823,0.0030676,0.0036218,299.9742022186092,0.09023988734956516,0.019034099400120314,0.06611060629434679,0.12573235273312333,235,235,381,53,431,34,80,0,167,0,0,0,7.05904455179818,0.024980998389694,0.00441340782122905,53.9238075742067,26302.0,93.0792,15.8,210734.24,30,47,38,0,49,0,64,2,7,46,0,7.27698986975398,0.0305048961424332,0.00353338213762811,68.9386962552011,5028.4,20.5603,2.4133,49704.8,344,598,553,60,1339,347,435,25,281,2,279,0,10.7891386254385,0.0275703076716378,0.00424099893162394,60.5151935847638,83044.0,205.2058,31.7566,482971.76,708,1487,1433,154,3843,1033,1308,56,810,2,1138,21,10.5774305585932,0.0262962684539444,0.00442316136610048,62.6348699551568,241810.64,580.674199999999,97.9111000000002,1466595.48,23569,3,7,7,0,1,0,0,0,7,0,0,0,3.92457831325301,0.0237265432098765,0.00459938271604938,45.8024852071006,651.48,3.8437,0.7451,7740.62,6,103,30,0,54,0,0,0,34,0,0,0,5.55586013986014,0.0171540453074434,0.00576092619392185,49.4924549237171,3972.44,10.6012,3.9808,35684.06
83E77,A,F,970,3,4.11,4,0.351256801165457,0.1987,0.0002051,4.0,2.295044,18.809679999999997,4.27632379030816,13.8823,24.9521,0.179191,0.05113681810159443,0.12826,0.26065,6.49244,0.8382019144176022,5.2523,7.5767,0.009186394000000002,0.006778983875288242,1.0005e-05,0.015454,0.005446060000000001,0.0016780261130268502,0.0032347,0.0084315,183.61898326496583,0.100229213361375,0.03333374513773251,0.057679293910325065,0.1509375135164778,253,238,384,53,288,19,101,0,86,0,21,0,6.21181229773463,0.0261637657802847,0.00390324294101202,55.4046264073695,23033.4,97.4077,13.9619,216521.28,16,82,38,0,75,4,64,3,5,70,0,8.53191489361702,0.0311410015649452,0.00372708638360176,72.2336199722608,6015.0,19.8991,2.5456,52080.44,357,560,551,60,1383,349,433,24,278,2,238,0,11.2092660072879,0.0275772490308782,0.00417554072096129,60.1818744518231,86132.0,206.3054,31.2748,480311.54,688,1472,1418,154,3919,1048,1287,56,805,2,1117,21,10.8289328553092,0.0262531615388142,0.00443519645062435,62.5781528084056,244658.08,572.555199999999,96.9667000000002,1447244.94,23281,3,7,7,0,1,0,0,0,7,0,0,0,3.92457831325301,0.0237265432098765,0.00459938271604938,45.8024852071006,651.48,3.8437,0.7451,7740.62,6,103,30,0,135,11,0,0,34,0,0,0,8.69857342657343,0.0171540453074434,0.00576092619392185,49.4924549237171,6219.48,10.6012,3.9808,35684.06
703A5,A,M,1040,3,5.0,5,0.230187388277066,0.2668,0.0002754,5.0,0.91728,17.87363,0.37295994139972827,17.466,18.4789,0.17029,0.0057516876750316635,0.16368,0.17843,4.65051,0.1944043463734515,4.3306,4.9093,0.0004162043,0.0005431479399547809,1.0115e-05,0.0017682,0.0035099599999999995,0.0001158186436728657,0.0033162,0.0037036,284.90353166417856,0.04878072490470019,0.004386465186909635,0.04410091238996515,0.05682704619551031,252,238,384,53,321,25,108,0,86,0,28,0,6.5276354812618,0.0261789954337899,0.00392012859938496,55.5899488229273,24211.0,97.4644,14.0223,217245.52,16,82,38,0,89,4,59,3,5,63,0,8.79148936170213,0.0310010954616588,0.00366852122986823,71.8616366158114,6198.0,19.8097,2.5056,51812.24,357,560,551,60,1370,349,435,24,278,2,238,0,11.1639510671525,0.0275847747627322,0.00417522029372497,60.1970078937476,85783.8,206.3617,31.2724,480432.32,697,1544,1588,154,4000,1049,1303,56,837,2,1110,21,10.393467762941,0.0264888371695776,0.00440056903264451,61.9746910146328,252187.1018,620.289099999999,102.8545,1537406.16,24961,1,7,7,0,0,0,8,0,3,0,0,0,5.77643928571428,0.0328308641975309,0.00316234567901235,57.4055621301775,970.4418,5.3186,0.5123,9701.54,3,30,30,0,1,0,23,0,8,0,0,0,4.1517295264624,0.0316301013024602,0.00362445730824891,55.469653259362,2980.9418,21.8564,2.5045,39993.62
BC9C7,A,M,747,2,3.05,3,-0.351042608007264,0.1269,0.000131,4.0,0.233235,30.848560000000003,0.5484649086313546,29.711,31.5476,0.22141000000000002,0.02055583831637349,0.20383,0.26624,8.306840000000001,0.8424508376028704,6.3134,9.0474,6.601830000000001e-05,9.806585841616847e-05,1e-05,0.00029669,0.00334734,0.00039482141448170385,0.0025808,0.0037128,298.74467487617034,0.09992371528769704,0.015443621985631446,0.08080832440612448,0.12786774479877805,71,241,238,53,794,267,74,0,237,2,0,0,13.425706940874,0.0253015322580645,0.00504254633360193,52.4253019447287,52226.0,94.1217,18.7734,204878.08,119,32,32,0,1,0,29,0,3,0,0,3.80564784053156,0.0319461538461538,0.00253367198838897,58.9470735090153,2291.0,22.0109,1.7457,42500.84,146,496,468,90,500,15,493,11,280,0,344,3,6.10605446485117,0.026403353214049,0.0044536643338175,62.4058055590491,48207.3,199.2133,33.7275999999999,496188.56,471,998,1095,94,2313,675,931,29,559,0,817,21,9.13895998968954,0.0264132833264426,0.00434238446002137,62.3878654331371,159547.9635,447.2033,73.0996999999998,1112687.58,17929,1,7,7,0,0,0,15,0,4,0,0,0,5.8491875,0.0338796296296296,0.00349876543209877,58.5143195266272,982.6635,5.4885,0.5668,9888.92,3,30,30,0,1,0,23,0,8,0,0,0,4.02919707520891,0.0317988422575977,0.00360448625180897,55.1453536754508,2892.9635,21.973,2.4907,39759.8
3F833,A,F,661,2,2.82,3,0.315812439816618,0.1128,0.0001164,3.5,0.267353,29.829459999999994,2.969967461550154,23.7893,33.4975,0.203119,0.03113293270620179,0.15509,0.26016,9.74961,2.0240657787126275,6.7228,12.3629,0.0006446819999999999,0.0013323266022122519,1e-05,0.0035512,0.00321791,0.0007762149765940418,0.0021928,0.0045359,310.76071114481135,0.16567736764924423,0.02704507459601817,0.12209077287269751,0.19964002108182954,134,241,237,53,776,267,73,0,229,2,0,0,13.2735301802979,0.025625752688172,0.00496299677765843,51.8395649948823,50797.8,95.3278,18.4822,202589.02,64,44,45,0,13,0,46,0,1,4,0,5.18569254185693,0.0317087149187592,0.002626775147929,62.8191955617198,3407.0,21.4668,1.7757,45292.64,141,491,463,91,735,38,471,11,281,0,340,3,7.00206329113924,0.0263721589403974,0.00444799419371865,61.9578867924528,55316.3,199.1098,33.7068999999999,492565.199999999,397,909,909,94,2549,697,903,29,518,0,817,21,10.3969925006465,0.0259946041722386,0.00440496121957742,63.5616549362754,160820.68,388.7753,65.8805999999998,1002430.86,15865,1,78,7,0,28,0,0,0,8,0,0,0,6.56595238095238,0.0161747252747253,0.00557160493827161,56.8815384615385,1103.08,1.4719,0.9026,9612.98,5,103,30,0,175,12,0,0,31,0,0,0,9.73642458100558,0.0154483818770227,0.00604370477568741,49.7143966712899,6971.28,9.5471,4.1762,35844.08
6C17C,A,F,718,2,2.57,3,-0.460587975467838,0.0981,0.0001013,4.0,0.126254,32.47812999999999,1.0943793492711342,31.1335,33.9818,0.22884899999999994,0.029546710458000038,0.19709,0.27401,10.828520000000001,2.0070374850067507,7.9738,12.9709,1.2539999999999999e-05,7.798318251748613e-06,1e-05,3.4728e-05,0.0014069899999999999,0.00013119399080073073,0.0012187,0.0015636,710.7371054520644,0.12635248082587558,0.08010307127613243,0.05941184736567774,0.26921584297246665,189,242,239,53,733,267,49,0,216,2,0,0,13.0347295864263,0.0256453078784619,0.0048386082751209,51.6728761514841,49167.0,95.3749,18.0093,201937.6,8,44,45,0,14,0,73,0,3,4,0,5.59747545582048,0.0332059084194978,0.00260798816568047,63.9069348127601,3991.0,22.4804,1.763,46076.9,141,491,462,91,434,34,444,11,279,0,340,3,5.85373417721519,0.0262132052980132,0.00444011083256366,61.8172830188679,46244.5,197.9097,33.6516,491447.399999999,352,967,1064,94,2298,694,903,29,550,0,817,21,9.36052058527339,0.0261724824787901,0.00438740800296863,62.5755504988622,158014.948,425.7216,70.9399999999998,1072482.36,17233,1,7,7,0,0,0,0,0,0,0,0,0,3.26516666666667,0.0300037037037037,0.0036,52.8714792899408,548.548,4.8606,0.5832,8935.28,5,30,30,0,5,0,0,0,13,0,0,0,3.37925698324022,0.0304076700434153,0.00406136034732272,52.6505686546463,2419.548,21.0117,2.8064,37961.06
EDC7A,A,M,731,2,3.03,3,-0.279937285510352,0.1257,0.0001297,4.0,2.159038,26.48675,1.0089642667937586,25.162,27.9989,0.274315,0.016600735090819187,0.25485,0.29827,6.644360000000001,0.6816359621446693,5.5774,7.4587,0.004060022,0.00299964089414346,0.00012956,0.0080366,0.0034586899999999995,0.00015128486338325092,0.0031793,0.003635,289.1268081267764,0.06931669665683204,0.013015377518446463,0.05657179931205863,0.08928418685961027,188,242,239,53,147,27,49,0,216,2,0,0,2.65921017757752,0.0257268620596935,0.0048166039763568,51.6833316274309,10033.2,95.6782,17.9274,201978.46,8,44,45,0,2,0,73,0,3,4,0,2.47461430575035,0.0331740029542097,0.00257707100591716,63.9101803051318,1764.4,22.4588,1.7421,46079.24,141,491,462,91,692,38,444,11,279,0,340,3,6.53264556962025,0.0261947947019868,0.00444059902361789,61.786037735849,51607.9,197.7707,33.6553,491198.999999999,352,980,1077,94,2471,673,926,29,557,0,817,21,9.30463634037109,0.0263047751282825,0.00437530361914014,62.5276946879834,159974.6126,435.7386,72.0524999999998,1091170.8,17545,0,7,7,0,0,0,21,0,6,0,0,0,5.34326982248521,0.0345049382716049,0.00382654320987654,59.910650887574,903.0126,5.5898,0.6199,10124.9,2,30,30,0,1,0,23,0,8,0,0,0,3.91044867872044,0.0320134587554269,0.00357221418234443,54.9533703190014,2811.6126,22.1213,2.4684,39621.38
77246,A,F,801,2,3.21,3,0.0198486504914494,0.1371,0.0001415,4.5,0.315878,23.82818,1.724039699723362,21.4447,26.3173,0.21461800000000003,0.017504019728812773,0.19326,0.23648,7.620439999999999,1.3130918502188302,6.1048,10.1642,1.0577e-05,1.3863671150809143e-06,1e-05,1.432e-05,0.0024458,0.00017392734753977665,0.0022478,0.002752,408.86417532095834,0.12363379517750565,0.021842306381767564,0.08450479607968542,0.16169747618235092,145,200,197,9,746,267,42,0,213,2,0,0,13.0736373165618,0.0259836745546397,0.00467377789585548,51.7721710526316,49889.0,97.7246,17.5921,204603.62,7,46,46,0,14,0,84,0,3,4,0,5.83333333333333,0.033062962962963,0.00273644444444444,64.3897642163662,4165.0,22.3175,1.8471,46425.02,142,489,461,91,734,38,431,11,279,0,340,3,6.94790479807571,0.0261124470338983,0.00445141160949868,61.6268679245282,54881.5,197.2012,33.7417,489933.599999999,365,1092,1255,94,2600,698,1020,32,566,0,900,31,9.04470831389184,0.0267239949263773,0.00430493600445186,63.0171679473106,170583.1988,484.5862,77.3596999999998,1205581.44,19225,0,7,7,0,1,0,32,3,5,0,41,9,1.87999289940828,0.0327512345679012,0.00455679012345679,79.2175147928994,317.7188,5.3057,0.7382,13387.76,8,30,30,0,1,0,63,3,5,0,71,10,1.64692678821879,0.0291995658465991,0.00385267727930535,71.8935922330097,1174.2588,20.1769,2.6622,51835.28
EAE86,A,F,725,2,3.98,4,1.7556853508303,0.1894,0.0001954,4.5,1.395999,23.29662,0.9228066509898541,22.0312,24.6417,0.21449700000000002,0.01475615732122997,0.19713,0.23416,6.15251,0.6058868732875985,5.3605,6.9903,0.0008242152000000001,0.0015579068973450528,1.0048e-05,0.0039001,0.0041514,0.00019232214294424512,0.0038546,0.0044715,240.88259382377026,0.06521750600189616,0.014243837798460605,0.05066033378414151,0.08790569083632777,136,191,188,0,746,267,46,0,213,2,0,0,13.039477124183,0.0260283819628647,0.00466853962364167,51.7817318858874,49876.0,98.127,17.6144,205107.44,7,46,47,0,1,0,80,0,3,4,0,3.6733893557423,0.0327528888888889,0.00276379821958457,64.4808876560333,2622.8,22.1082,1.8628,46490.72,142,489,460,91,722,38,431,11,279,0,340,3,6.93777693378909,0.0260913797669492,0.0044512333465242,61.5999471698113,54801.5,197.0421,33.7448,489719.579999999,351,974,1071,94,2574,698,920,29,557,0,817,21,9.74743768914957,0.0262402690692153,0.00440152480097978,62.5321372854913,166193.8126,431.0489,71.8768999999998,1082243.7,17401,0,7,7,0,0,0,21,0,6,0,0,0,5.34326982248521,0.0345049382716049,0.00382654320987654,59.910650887574,903.0126,5.5898,0.6199,10124.9,2,30,30,0,1,0,23,0,8,0,0,0,3.91044867872044,0.0320134587554269,0.00357221418234443,54.9533703190014,2811.6126,22.1213,2.4684,39621.38
EF9D5,A,M,639,2,3.28,3,0.562964960233341,0.1416,0.0001461,4.5,2.345935,24.43862,1.2584597638912953,22.7262,26.8139,0.22514999999999996,0.012228912007569969,0.20708,0.24056,4.28371,1.0575586870503006,2.4476,5.5142,0.0055191232,0.004937533319122927,1.0282e-05,0.013425,0.0021215,8.67706171465895e-05,0.0019876,0.0022344,471.36460051850105,0.055449075606081075,0.00684925914262481,0.04867929113870642,0.06919481452001983,132,184,182,0,720,263,64,0,205,2,0,0,12.8461739357535,0.026137304739211,0.00463657052130193,51.6295430446857,49188.0,98.7206,17.5216,204504.62,9,51,51,0,15,0,67,0,2,4,0,5.61376404494382,0.0333083582089552,0.00254014925373134,62.9981969486824,3997.0,22.3166,1.7019,45421.7,141,484,456,91,734,38,429,11,281,0,340,3,7.015,0.0259660447267434,0.00447396176664469,61.6726943396226,55418.5,196.2254,33.935,490297.92,340,886,885,94,2549,697,876,29,517,0,817,21,10.6247169433887,0.0257903397688741,0.00447511071132022,63.646463294627,159338.88,372.6962,64.6742999999998,970163.04,15337,1,78,7,0,28,0,0,0,8,0,0,0,6.56595238095238,0.0161747252747253,0.00557160493827161,56.8815384615385,1103.08,1.4719,0.9026,9612.98,5,103,30,0,175,12,0,0,31,0,0,0,9.73642458100558,0.0154483818770227,0.00604370477568741,49.7143966712899,6971.28,9.5471,4.1762,35844.08
1B130,A,M,784,2,2.48,2,-1.24829898889617,0.093,9.6e-05,4.0,0.599001,37.21536,4.6884574334090825,31.5798,45.912,0.20542600000000003,0.035821957015836604,0.15442,0.26806,9.44435,4.90875476181757,0.01,15.6875,0.027815290299999997,0.023131848586207975,1.0003e-05,0.063457,0.0019450699999999997,0.0002158707022991104,0.0016802,0.0022671,514.1203144359844,0.1027613982224026,0.03466138770150334,0.06618306893745449,0.17703364787753648,136,191,189,0,670,236,73,0,199,2,4,0,12.1832679738562,0.0262254907161804,0.00462203075291623,52.0097197677354,46601.0,98.8701,17.4343,206010.5,5,44,44,0,14,0,58,0,2,0,0,5.41201117318436,0.0333246676514032,0.00225125553914328,62.0050762829404,3875.0,22.5608,1.5241,44705.66,141,484,456,91,727,37,430,11,281,0,341,3,6.64864556962025,0.0259603281725553,0.00448363876071193,61.7422490566037,52524.3,196.1822,34.0084,490850.88,361,1068,1231,94,2563,692,967,30,565,0,873,27,9.10119936605982,0.0265916727702969,0.00432816444899351,62.9092485178657,167971.7355,471.9756,76.1150999999998,1177849.86,18817,3,7,7,0,1,0,13,1,5,0,18,5,1.87542590361446,0.0262679012345679,0.00392222222222222,75.3086390532545,311.3207,4.2554,0.6354,12727.16,9,30,30,0,10,0,44,1,6,0,48,6,3.59285884831461,0.029208972503618,0.00369696092619392,70.002718446602,2558.1155,20.1834,2.5546,50471.96
C3ADC,A,F,693,2,3.03,3,0.442080099327178,0.1257,0.0001297,4.5,4.857179,18.57797,0.2820871931789089,18.1564,18.8618,0.22471900000000003,0.0034057319330798776,0.21983,0.22962,6.3477,0.4190803635475076,5.569,6.8374,0.002666138,0.0023872135684385024,1.0034e-05,0.0065717,0.00315515,9.26952384010215e-05,0.003059,0.0033309,316.94214221193926,0.06352256097219197,0.005951420091663793,0.05435358800295568,0.07178700826285656,138,193,191,0,451,19,105,0,114,0,4,0,6.9016479204813,0.0272882696390658,0.00402519893899204,53.0216460489776,26385.0,102.8222,15.175,210018.74,21,37,37,0,10,2,60,2,0,19,0,5.01142857142857,0.0324535087719298,0.00235906432748538,64.751012482663,3508.0,22.1982,1.6136,46685.48,123,483,455,91,725,36,407,9,282,0,322,3,6.90243748421319,0.0258699259063244,0.00448113630371737,61.665879245283,54653.5,195.5249,33.9939,490243.74,344,927,1024,94,2585,698,831,29,548,0,813,21,10.0263003315121,0.0259164523112186,0.00446148375936959,62.4936368583348,163318.4061,407.0438,69.6392999999999,1033582.26,16633,0,7,7,0,1,0,2,0,1,0,0,0,3.31660414201183,0.0325351851851852,0.00340123456790123,59.735976331361,560.5061,5.2707,0.551,10095.38,3,30,30,0,6,0,2,0,7,0,0,0,3.74764080779944,0.0309377713458755,0.00381693198263386,53.3982801664355,2690.8061,21.378,2.6375,38500.16
E69A7,A,M,618,2,3.28,3,0.687506379123946,0.1416,0.0001461,4.0,2.1131,22.680389999999996,3.1354694851187936,19.3747,27.952,0.20585600000000004,0.03128539105290733,0.17403,0.26028,9.34469,0.645653993078164,8.0578,10.4587,0.00582323,0.004436336950585847,0.00012616,0.012008,0.0030412600000000005,0.0005202309064252142,0.0021584,0.003776,328.8110848792934,0.06028760026568749,0.008603989089547131,0.05162174549054441,0.07927618397934003,139,196,194,0,414,19,125,0,107,0,4,0,6.69727891156463,0.0282890305444887,0.00381133528006371,53.7499166877051,25597.0,106.5082,14.3573,212903.42,20,33,33,0,15,3,87,5,1,68,0,5.77175463623395,0.0324906976744186,0.00262674418604651,71.2712066574202,4046.0,22.3536,1.8072,51386.54,124,481,453,93,658,35,379,6,285,0,280,3,6.56438044713907,0.0257750132275132,0.00447778070637849,61.2506114745847,51970.2,194.8591,33.9774,486819.86,334,844,843,94,2422,563,809,29,522,0,813,21,9.90691220084144,0.0254367788977054,0.00455810578984989,63.4659393445959,143640.32,355.8351,63.7678999999999,935424.48,14833,3,7,7,0,1,0,0,0,7,0,0,0,3.92457831325301,0.0237265432098765,0.00459938271604938,45.8024852071006,651.48,3.8437,0.7451,7740.62,6,103,30,0,135,11,0,0,34,0,0,0,8.69857342657343,0.0171540453074434,0.00576092619392185,49.4924549237171,6219.48,10.6012,3.9808,35684.06
56D0F,B,M,1550,4,6.92,7,-0.511185677056854,0.4349,0.0004488,6.0,11.583419,25.205530000000003,0.4908240509592002,24.4812,25.7203,0.171606,0.013466896202664272,0.15361,0.18664,3.3841499999999995,0.3928806498162005,2.7497,3.9071,1.00338e-05,8.9731451193733e-08,1e-05,1.0287e-05,0.00361477,0.0003996067401555907,0.003153,0.0041299,276.642773952423,0.5584894591691765,0.1315166180910721,0.4137787802493838,0.7126448148105511,43,261,227,111,1051,82,36,3,419,0,8,0,11.4428279734558,0.0199132432432432,0.00679970540974826,57.104477922078,44833.0,73.679,25.3901,219852.24,3,30,30,1,16,0,58,0,19,0,0,5.55571030640669,0.0336972503617945,0.00387496382054993,61.5164583333333,3989.0,23.2848,2.6776,44291.85,264,435,1579,432,1211,64,476,28,345,0,295,0,8.84749903561785,0.0261090454904023,0.0051053698545342,63.9292180312787,68807.0,198.5854,32.9909,486437.42,2646,2815,4890,1113,4574,600,2133,91,1323,4,1410,34,8.59158443061786,0.0270180044204036,0.00464192999288171,62.1991645422302,296882.2,929.0411,149.985400000001,2244643.45,37201,1,9,9,0,0,0,25,3,0,0,24,0,5.58690476190476,0.03098875,0.00314125,74.5460355029586,938.6,4.9582,0.5026,12598.28,21,36,36,0,11,2,85,5,1,0,54,0,5.13942857142857,0.0328935766423358,0.00252408759124088,69.6544521497919,3597.6,22.5321,1.729,50220.86
86A83,B,M,1541,4,11.17,11,4.59615695892442,0.8932,0.0009218,6.0,3.176821,14.14733,0.2472331740146001,13.6391,14.4074,0.0637623,0.04881908968847239,0.039023,0.1564,8.137179,3.8494183700007056,0.8496,10.5314,1.05712e-05,1.8003231685203386e-06,1e-05,1.5695e-05,0.03257585,0.013703498705825297,0.006666,0.04,30.697587323124335,0.4968497487639544,0.138319518104954,0.2304726249191327,0.5685192161863108,43,255,170,71,1042,80,41,0,402,0,0,0,11.0967330270546,0.0207739611440907,0.00659941967818517,56.383323907455,43477.0,76.9883,25.0184,219331.13,7,30,30,0,71,0,97,2,11,0,0,8.05042016806723,0.0349861070911722,0.0037438494934877,64.2194036061026,5748.0,24.1754,2.587,46302.19,315,435,1579,432,1183,64,421,26,351,0,295,0,8.84513331607559,0.0256769655535104,0.00513079541937481,63.6104783808648,68337.5,195.299,33.1552,484012.13,2644,2807,4882,1112,4782,626,2138,91,1311,4,1441,34,8.85098765324248,0.0269584147697349,0.00464269694421085,62.2982379505479,303951.767,921.3847,149.044500000001,2234824.69000001,36985,1,8,8,0,0,0,10,0,0,0,17,0,5.24880952380952,0.0284751552795031,0.00287701863354037,73.5714792899408,881.8,4.5845,0.4632,12433.58,21,33,33,0,15,3,101,5,1,0,85,0,6.184,0.0317171511627907,0.00295058139534884,74.2161165048544,4328.8,21.8214,2.03,53509.82
C87C5,B,M,1512,4,8.57,9,1.67630363854044,0.5998,0.000619,5.5,3.551063,14.290390000000002,0.378160652074985,13.9981,15.1164,0.14702400000000002,0.007418805234747109,0.14009,0.16361,2.39886,0.07522756882361095,2.2527,2.5337,0.0002786986,0.0002854678353865224,1.3647e-05,0.00071676,0.005059579999999999,7.767061220307194e-05,0.0048926,0.0051658,197.6448638029244,0.22679431488042384,0.005170407256172811,0.21693630000913994,0.23593530150033074,45,239,170,71,926,66,126,2,303,0,0,0,10.235291113381,0.0236155024180548,0.00583534687417568,57.4116580976864,40081.4,87.8969,22.1218,223331.35,65,33,71,0,25,0,51,0,1,0,0,7.62042682926829,0.0329912790697674,0.00258292307692308,64.4303606102635,4999.0,22.698,1.6789,46454.29,338,509,1612,507,500,39,426,26,371,0,295,0,4.51711021679865,0.0254912506638343,0.00532219629802458,63.5015290682241,34795.3,192.0001,34.2164,478420.52,2640,2778,4853,1112,3649,581,2048,89,1300,4,1441,34,7.06158988380044,0.0268012354152368,0.004662196208169,62.2572277340309,237615.438000001,898.136199999999,146.560800000001,2190022.5,36289,1,8,8,0,0,0,10,0,0,0,17,0,5.24880952380952,0.0284751552795031,0.00287701863354037,73.5714792899408,881.8,4.5845,0.4632,12433.58,21,33,33,0,15,3,101,5,1,0,85,0,6.184,0.0317171511627907,0.00295058139534884,74.2161165048544,4328.8,21.8214,2.03,53509.82
A909C,B,M,1501,4,8.65,9,1.83667313030496,0.6082,0.0006277,5.0,2.720635,16.166619999999998,0.41400536174735153,15.605,16.901,0.149554,0.011266021875040404,0.13826,0.17241,3.19432,0.1550442861464642,2.8568,3.3407,0.0003891682,0.0005804768417372815,1.0002e-05,0.0016248,0.00456583,0.0002940223878475166,0.0040255,0.0049809,219.01822888719028,0.27687217800537145,0.022185124259486336,0.244951573459827,0.31336616822518193,105,239,170,71,951,66,138,2,275,0,0,0,10.7144709543568,0.0242113917248791,0.00566336059087312,57.6117172236504,41315.0,90.1148,21.4698,224109.58,5,59,71,0,31,1,57,6,7,17,0,7.9608938547486,0.0331755287009063,0.00298723076923077,66.5329126213592,5700.0,21.9622,1.9417,47970.23,394,536,1664,562,1192,63,411,20,366,0,278,0,8.7660520465542,0.0253821052631579,0.00531566567351419,63.3442652761065,67034.0,190.4927,33.898,473751.76,2578,2766,4841,1112,4735,626,2026,89,1300,4,1424,34,8.93417645827728,0.0267689136775008,0.00467596203181121,62.2035502534873,298821.4,890.3073,145.815200000001,2171712.55,36025,1,9,9,0,5,1,18,0,0,0,19,0,6.2952380952381,0.02773625,0.0028025,72.021775147929,1057.6,4.4378,0.4484,12171.68,20,33,33,0,15,3,91,5,1,0,68,0,5.73694721825963,0.0321242732558139,0.00268531976744186,71.6788904299584,4021.6,22.1015,1.8475,51680.48
7BFA0,B,M,1500,4,5.86,6,-1.47517750256355,0.3387,0.0003496,5.0,2.199125,17.10921,0.14787473264745282,16.9583,17.4221,0.189779,0.0027462315593878442,0.18627,0.19405,3.4866099999999998,0.05711064212950547,3.4042,3.5719,3.206040000000001e-05,2.8500681836678147e-05,1.0037e-05,9.3365e-05,0.00406616,7.674432588508137e-05,0.0039526,0.004227,245.93228008735514,0.16259542545210742,0.003908031233914082,0.15494082746046967,0.16619962734440843,105,230,170,69,946,66,141,2,273,0,0,0,10.6828319502075,0.0243426427231305,0.0056369559482986,57.6425462487153,41193.0,90.8224,21.3697,224344.79,5,66,71,0,39,1,63,8,7,22,0,8.21787709497207,0.0333517557251908,0.00308246153846154,67.162773925104,5884.0,21.8454,2.0036,48424.36,394,528,1664,562,1185,63,405,18,368,0,273,0,8.75101346933438,0.0253435511779582,0.00531911557158539,63.3186027543789,66919.0,190.4061,33.92,473559.83,2578,2765,4840,1112,4655,617,2023,89,1300,4,1424,34,8.85371869670586,0.0267606480924299,0.00467748788549792,62.2052374673967,295917.84,889.416899999999,145.755200000001,2170278.53,36001,1,9,9,0,5,1,18,0,0,0,19,0,6.2952380952381,0.02773625,0.0028025,72.021775147929,1057.6,4.4378,0.4484,12171.68,20,33,33,0,15,3,91,5,1,0,68,0,5.73694721825963,0.0321242732558139,0.00268531976744186,71.6788904299584,4021.6,22.1015,1.8475,51680.48
513ED,B,M,1490,4,8.75,9,2.02082599967969,0.6188,0.0006386,5.0,1.60298,16.87968,0.3593685227049129,16.4275,17.495,0.148342,0.008699069937515031,0.13756,0.16318,3.7240300000000004,0.13285843802918784,3.4958,3.9313,1.13669e-05,1.939860444579569e-06,1e-05,1.6224e-05,0.00502298,0.000231963612088908,0.0046563,0.0054254,199.08500531556965,0.30377266718649476,0.007345229878442957,0.2942583977123387,0.3173421365183172,106,170,170,69,931,66,152,2,267,0,0,0,10.602075226978,0.0249271168557109,0.00551366394091268,57.7339157245632,40871.0,94.4987,20.9023,224700.4,3,66,71,0,162,2,77,11,7,39,0,10.8481894150418,0.0327404580152672,0.00360815384615385,69.9100416088766,7789.0,21.445,2.3453,50405.14,485,616,1752,634,1073,62,389,15,369,0,264,0,8.56941503440974,0.0252702356902357,0.00533393226268087,63.2451896854327,64750.5,187.6315,33.5451,468457.12,2576,2755,4830,1112,4728,625,1999,89,1300,4,1410,34,8.95976194063583,0.0267129037144761,0.00469298761760048,62.1833394903173,297329.7,881.686099999999,145.158800000001,2154590.53,35761,1,9,9,0,0,0,25,3,0,0,24,0,5.58690476190476,0.03098875,0.00314125,74.5460355029586,938.6,4.9582,0.5026,12598.28,21,36,36,0,11,2,85,5,1,0,54,0,5.13942857142857,0.0328935766423358,0.00252408759124088,69.6544521497919,3597.6,22.5321,1.729,50220.86
E0866,B,M,1472,4,7.47,7,0.605439620246351,0.4879,0.0005035,5.5,19.060642,15.338099999999997,0.12391895200761921,15.1977,15.6131,0.203302,0.004195748641978768,0.19793,0.20881,1.5124900000000001,0.04851186452817498,1.4167,1.5679,1.39949e-05,7.646621729742997e-06,1e-05,3.3666e-05,0.00441276,0.00014424081869490968,0.0041211,0.004576,226.61554220034628,0.26539604376315645,0.004020570131969051,0.2588082818439137,0.26960661008993647,105,206,211,69,810,66,220,10,241,0,33,0,10.2580912863071,0.0269831424766977,0.00522181333333333,60.7764825282631,39555.2,101.3217,19.5818,236542.07,3,31,31,0,88,2,89,8,4,80,0,9.21810584958217,0.029288115942029,0.00454550724637681,74.7191816920943,6618.6,20.2088,3.1364,53872.53,491,619,1755,638,1005,60,367,10,376,0,235,0,8.19206622516556,0.0252743465373215,0.0053912344893414,62.7524571119816,61850.1,187.5862,33.8893,464556.44,2574,2702,4772,1112,4437,623,1954,81,1293,4,1408,34,8.71306670737292,0.0266187574708064,0.00470393363222831,62.1202992664467,285396.5,868.490199999999,143.738100000001,2125570.28000001,35329,1,8,8,0,0,0,10,0,0,0,17,0,5.24880952380952,0.0284751552795031,0.00287701863354037,73.5714792899408,881.8,4.5845,0.4632,12433.58,21,33,33,0,15,3,101,5,1,0,85,0,6.184,0.0317171511627907,0.00295058139534884,74.2161165048544,4328.8,21.8214,2.03,53509.82
AC111,B,M,1435,4,5.79,6,-1.1729339800141,0.3327,0.0003433,4.5,16.078154,19.87946,0.16756502021603417,19.6795,20.1507,0.211961,0.002917466366558487,0.20862,0.21662,4.24259,0.09275599351704074,4.0852,4.3847,1.20724e-05,5.663920613065751e-06,1e-05,2.815e-05,0.003717839999999999,5.182648829400742e-05,0.0036397,0.0037802,268.9733823940783,0.2868080266314231,0.018940757634682892,0.2597971941714837,0.311940296968824,81,202,207,10,469,21,296,18,116,0,107,0,8.35237113402062,0.0299413673849428,0.00439730953649441,64.5824727916983,32407.2,112.5496,16.5075,255165.35,4,33,33,0,81,0,53,2,8,58,0,9.1673640167364,0.0263425872093023,0.00436860465116279,74.5962829403606,6573.0,18.1237,3.0056,53783.92,494,616,1752,638,1018,60,373,9,391,0,244,0,8.15145090764542,0.0253038518518519,0.00555934170774369,62.6066851276509,61519.0,187.8811,34.9627,463477.29,2570,2663,4733,1112,4330,587,1855,73,1289,4,1303,34,8.66496187756895,0.0265481213418088,0.00472090682644407,61.7863830297941,276161.0,843.6462,140.248700000001,2059278.36000001,34441,1,9,9,0,0,0,25,3,0,0,24,0,5.58690476190476,0.03098875,0.00314125,74.5460355029586,938.6,4.9582,0.5026,12598.28,21,36,36,0,11,2,85,5,1,0,54,0,5.13942857142857,0.0328935766423358,0.00252408759124088,69.6544521497919,3597.6,22.5321,1.729,50220.86
53DC4,B,M,1184,3,4.8,5,-0.861644688789252,0.251,0.000259,4.5,32.0,18.603609999999996,0.1282750902466171,18.4084,18.8555,0.230172,0.002445425661652115,0.22673,0.23359,5.159940000000001,0.15343745884815035,4.935,5.3787,3.90323e-05,3.987509942321287e-05,1.015e-05,0.00011043,0.0036251500000000006,9.506079049160539e-05,0.0035039,0.0037897,275.85065445567767,0.24730939144558106,0.005205335367123941,0.24002845751966037,0.2590872695464814,33,177,1156,384,567,21,89,1,246,0,20,0,7.58559063136456,0.0219493393234672,0.00619101604278075,56.7701090299133,29796.2,83.0563,17.3658,203066.68,111,78,238,47,16,0,0,0,10,0,0,5.69344262295082,0.0272192846034215,0.00360476190476191,56.4094955489614,3473.0,17.502,1.7411,38020.0,669,616,579,266,714,46,398,22,370,2,322,0,7.34173901247965,0.0261436094276094,0.00552067810238542,61.7553800643086,54123.3,194.1163,41.1953,480148.08,2432,2395,3486,727,3475,559,1540,58,960,4,1065,34,8.7805156821243,0.0270373414802859,0.00455708555613494,61.4872683279164,228161.7,703.565700000001,113.6127,1702582.46000001,28417,19,8,8,0,2,0,19,0,0,0,4,0,4.43733333333333,0.0312055900621118,0.00252732919254658,68.8755029585799,665.6,5.0241,0.4069,11639.96,21,38,38,0,3,0,45,0,0,0,4,0,4.18371428571429,0.0325878477306003,0.00208374816983895,62.7777531206657,2928.6,22.2575,1.4232,45262.76
7642C,B,M,1192,3,5.65,6,0.101704509591388,0.3206,0.0003309,5.0,0.589081,17.811079999999997,0.251264074453773,17.4106,18.2971,0.17717,0.005111803334766838,0.16987,0.1874,4.2061,0.1343261288390642,3.9154,4.3541,1.73032e-05,9.230000924521442e-06,1.0001e-05,3.422e-05,0.00353458,9.607215806650517e-05,0.0034196,0.0037402,282.91904554430795,0.21335185769571866,0.009442475174001059,0.20115546126381245,0.22809226371163208,35,177,1156,384,617,25,85,1,240,0,20,0,8.21645440652063,0.0220234143763214,0.00613297682709447,56.6640005591277,32257.8,83.3366,17.203,202687.13,109,78,238,47,16,0,0,0,10,0,0,5.75980392156863,0.0271161741835148,0.00365320910973085,56.9577744807122,3525.0,17.4357,1.7645,38389.54,671,616,579,266,757,46,398,22,370,2,322,0,7.66953867028494,0.0261421548821549,0.0055256499597963,61.6858572347266,56524.5,194.1055,41.2324,479607.54,2430,2403,3494,727,3564,561,1584,62,961,4,1101,34,8.9057756216815,0.0270995497214379,0.0045475771451324,61.6152600243887,233144.3,710.170800000001,114.2124,1717956.68,28609,0,7,7,0,1,0,31,4,1,0,29,0,3.67337278106509,0.0367197530864198,0.00275123456790124,77.4388165680473,620.8,5.9486,0.4457,13087.16,21,36,35,0,11,2,71,4,1,0,40,0,4.484,0.0336112408759124,0.0023734693877551,66.9219972260749,3138.8,23.0237,1.6282,48250.76
BF641,B,M,1184,3,4.95,5,-0.434296710425382,0.2628,0.0002712,5.5,12.217783,14.25579,0.10650456902040514,14.0854,14.4108,0.16631100000000001,0.004617162307930899,0.16107,0.17265,2.32637,0.07762021572302467,2.2258,2.4452,2.9153700000000002e-05,4.575578845481982e-05,1e-05,0.0001515,0.00576311,0.00018264045097768814,0.0054546,0.0059401,173.51742375210605,0.06600967172375308,0.0012173336368979035,0.06371635099896786,0.06799906970282513,38,177,1241,384,625,25,68,1,230,0,9,0,8.17257201121591,0.0220650898520084,0.00602551470588235,55.8598462398658,32061.0,83.4943,16.3894,199810.67,105,78,154,47,11,0,2,0,11,0,0,6.08603896103896,0.0268884914463453,0.00383756613756614,59.0002670623145,3749.0,17.2893,2.1759,39766.18,673,616,579,266,685,41,396,22,371,2,322,0,7.23300760043431,0.0261446195286195,0.00552676226212812,61.6070045016077,53292.8,194.1238,41.2407,478994.46,2426,2395,3402,727,3380,514,1567,60,959,4,1083,34,8.61096533415413,0.0270756744293291,0.00455281631021388,61.6210104730952,223807.6,704.563200000001,113.8887,1706285.78,28417,0,7,7,0,0,0,27,2,0,0,18,0,1.75739644970414,0.0348475308641975,0.00274197530864198,74.8378698224852,297.0,5.6453,0.4442,12647.6,21,36,36,0,9,2,57,2,0,0,22,0,3.88285714285714,0.0329925547445255,0.00222817518248175,65.5771151178918,2718.0,22.5999,1.5263,47281.1
4CEB5,B,M,1182,3,5.73,6,0.256143457599209,0.3275,0.000338,4.5,12.057906,18.223370000000003,0.23590084098573644,17.9112,18.5348,0.20795399999999997,0.005277407191667771,0.20123,0.21486,4.26056,0.1488919682931966,4.0845,4.4601,1.03305e-05,3.822190326094307e-07,1.0007e-05,1.1001e-05,0.0033561899999999998,6.862837848392842e-05,0.0032456,0.0034446,297.9569094717522,0.20782155848917752,0.007329572921770232,0.1995883225893536,0.2207640506178976,53,194,1333,398,620,25,67,1,225,0,9,0,8.09365404298874,0.0222319352269711,0.0059970700152207,55.5094779680045,31630.0,83.7477,15.7603,197780.27,93,62,62,34,16,0,2,0,13,0,0,6.39808917197452,0.0271644916540212,0.00380030349013657,59.5355458515284,4018.0,17.9014,2.5044,40900.92,672,616,579,266,738,46,402,22,373,2,322,0,7.30130275478355,0.0260758114478115,0.00554387563655857,61.6450186495176,53803.3,193.6129,41.3684,479290.02,2412,2377,3308,714,3512,561,1584,62,960,4,1101,34,8.72708710559772,0.0270896506617421,0.00455152627588684,61.6840195263065,226529.0,704.114200000001,114.0658,1705871.56000001,28369,0,7,7,0,1,0,31,4,1,0,29,0,3.67337278106509,0.0367197530864198,0.00275123456790124,77.4388165680473,620.8,5.9486,0.4457,13087.16,21,36,35,0,11,2,71,4,1,0,40,0,4.484,0.0336112408759124,0.0023734693877551,66.9219972260749,3138.8,23.0237,1.6282,48250.76
304A0,B,M,1147,3,4.93,5,-0.487622615325111,0.2612,0.0002696,4.5,2.613185,20.64082,0.3678847488608962,19.9991,21.1899,0.20369499999999996,0.00596009740785427,0.19663,0.21335,4.89428,0.26918478081463315,4.4427,5.2966,0.00012831459999999997,0.00015811057747679136,1e-05,0.00043045,0.0035745799999999995,0.00012688893481221204,0.0033602,0.0037193,279.75314582412483,0.21090104661980807,0.017148734222670492,0.19363846024414774,0.24551225083228728,109,225,1364,430,601,25,37,1,219,0,9,0,7.95223260643821,0.0220967344753747,0.00583357720446669,54.7747125460209,30632.0,82.5534,15.1498,193409.51,70,68,65,35,19,0,35,0,15,0,0,5.5652841781874,0.0294505359877489,0.0041,61.6128862973761,3623.0,19.2312,2.6896,42266.44,642,579,545,232,751,47,373,22,365,2,322,0,7.6217732125963,0.0260496247654784,0.00548280416221986,61.4458496606479,56393.5,194.3823,41.0991,479830.64,2333,2306,3237,680,3425,553,1514,58,952,4,1061,34,8.92707175742181,0.0269254252071522,0.00460973571546189,61.5704942455959,224926.5,679.140000000001,111.9797,1653106.2,27529,1,10,10,0,0,0,9,0,0,0,0,0,4.38095238095238,0.0309874213836478,0.00220754716981132,64.0826035502959,736.0,4.927,0.351,10829.96,8,48,48,0,14,0,76,0,3,0,4,0,5.85834502103787,0.0321359583952452,0.00276953937592868,64.8076837725382,4177.0,21.6275,1.8639,46726.34
EC5F2,B,M,1165,3,4.14,4,-1.53381581854918,0.2009,0.0002074,4.5,14.722285,21.816779999999998,0.15811552597880907,21.48,22.0125,0.23367100000000002,0.005349106779017716,0.2267,0.24253,5.09006,0.36635034294753677,4.3898,5.4607,1.0003399999999998e-05,6.239658110291926e-09,1e-05,1.002e-05,0.00271623,3.5192298715612275e-05,0.0026657,0.0027576,368.15733571899284,0.26837127750009815,0.01046423587020853,0.25563203690622616,0.2840378517882956,141,225,1364,428,593,24,11,0,215,0,0,0,7.89125654450262,0.0219099571734475,0.00566415094339622,54.1148344183413,30144.6,81.8555999999999,14.7098,191187.71,75,97,94,65,26,0,35,0,16,0,0,4.57925696594427,0.0308741987179487,0.00414752791068581,62.9407926829268,2958.2,19.2655,2.6005,41289.16,604,549,515,201,754,47,396,22,363,2,322,0,7.63816054860831,0.0262545515216231,0.00542909912304013,61.3601492346938,56805.0,196.6991,40.8594,481063.57,2321,2328,3259,680,3431,560,1567,60,950,4,1083,34,8.45439157566303,0.0270766785003707,0.0045626993765687,61.6913485576043,216770.6,694.056500000001,112.7078,1683001.68,27961,0,7,7,0,0,0,27,2,0,0,18,0,1.75739644970414,0.0348475308641975,0.00274197530864198,74.8378698224852,297.0,5.6453,0.4442,12647.6,21,36,36,0,9,2,57,2,0,0,22,0,3.88285714285714,0.0329925547445255,0.00222817518248175,65.5771151178918,2718.0,22.5999,1.5263,47281.1
4938A,B,M,1140,3,5.33,5,0.0295587431760891,0.2937,0.0003031,4.5,3.141669,20.73531,0.26026818839206817,20.4068,21.1853,0.20844600000000005,0.002821993779030862,0.2045,0.21255,3.7834199999999996,0.08704907683472453,3.6552,3.9322,4.886679999999999e-05,4.5945871106480645e-05,1.0105e-05,0.00012554,0.003295480000000001,0.00015635817002425343,0.0031352,0.0036638,303.4459320038355,0.2010404922022107,0.0032128467336254127,0.19656567310836826,0.20729638350440174,141,225,1364,428,592,24,11,0,215,0,0,0,7.86125654450262,0.0219040685224839,0.00565787447054293,54.1499660345315,30030.0,81.8335999999999,14.6935,191311.83,75,97,94,65,34,0,35,0,16,0,0,6.85294117647059,0.0304480769230769,0.00427799043062201,62.4971036585366,4427.0,18.9996,2.6823,40998.1,604,549,515,201,756,47,393,22,363,2,322,0,7.63526959795617,0.0262205152162307,0.00543293914429977,61.3849107142857,56783.5,196.4441,40.8883,481257.7,2301,2299,3230,680,3279,538,1514,58,950,4,1061,34,8.78993216280926,0.0269249341632751,0.00462004475570843,61.5921239833591,220275.7,674.792700000001,111.4863,1643339.46,27361,1,10,10,0,0,0,13,0,0,0,0,0,4.11547619047619,0.0314471698113208,0.00220062893081761,64.9176331360947,691.4,5.0001,0.3499,10971.08,8,48,48,0,14,0,76,0,3,0,4,0,5.77054698457223,0.0324845468053492,0.00279093610698366,64.6264355062414,4114.4,21.8621,1.8783,46595.66
CEB44,B,M,1140,3,3.45,3,-2.20607875218427,0.1528,0.0001577,4.0,5.245876,25.723629999999996,0.47656841889584806,24.7572,26.2945,0.259001,0.00694031451416689,0.24969,0.27283,6.0426899999999995,0.3790913711319036,5.5134,6.6142,0.0007204052,0.0013582691159819546,1e-05,0.0036093,0.0020585,3.653439779471152e-05,0.0020007,0.0021026,485.7906242409521,0.2003228162041794,0.010002585538970135,0.1858295297000721,0.21843034036686082,141,225,1364,428,592,24,11,0,215,0,0,0,7.86125654450262,0.0219040685224839,0.00565787447054293,54.1499660345315,30030.0,81.8335999999999,14.6935,191311.83,75,97,94,65,34,0,35,0,16,0,0,6.85294117647059,0.0304480769230769,0.00427799043062201,62.4971036585366,4427.0,18.9996,2.6823,40998.1,604,549,515,201,756,47,393,22,363,2,322,0,7.63526959795617,0.0262205152162307,0.00543293914429977,61.3849107142857,56783.5,196.4441,40.8883,481257.7,2301,2299,3230,680,3333,554,1514,58,950,4,1061,34,8.63673184357542,0.0269249341632751,0.00462004475570843,61.5921239833591,216436.5,674.792700000001,111.4863,1643339.46,27361,1,10,10,0,0,0,13,0,0,0,0,0,4.11547619047619,0.0314471698113208,0.00220062893081761,64.9176331360947,691.4,5.0001,0.3499,10971.08,8,48,48,0,14,0,76,0,3,0,4,0,4.74389901823282,0.0324845468053492,0.00279093610698366,64.6264355062414,3382.4,21.8621,1.8783,46595.66
6AF2B,B,M,1141,3,4.92,5,-0.463931041590045,0.2604,0.0002688,4.5,1.674548,18.74762,0.2768557297783658,18.3494,19.0309,0.21608,0.01020565094009741,0.20429,0.23049,2.51041,0.22238850115157588,2.1698,2.7916,0.0042667,0.0005839660625603359,0.0034042,0.0052442,0.00369651,0.0002648238469037275,0.0032509,0.0040435,270.525441565152,0.1751685414254503,0.0016141210173996475,0.17284809924150246,0.17886207755052963,141,225,1364,428,592,24,11,0,215,0,0,0,7.86125654450262,0.0219040685224839,0.00565787447054293,54.1499660345315,30030.0,81.8335999999999,14.6935,191311.83,75,97,94,65,34,0,35,0,16,0,0,6.85294117647059,0.0304480769230769,0.00427799043062201,62.4971036585366,4427.0,18.9996,2.6823,40998.1,604,549,515,201,756,47,393,22,363,2,322,0,7.63526959795617,0.0262205152162307,0.00543293914429977,61.3849107142857,56783.5,196.4441,40.8883,481257.7,2301,2300,3231,680,3535,559,1514,58,950,4,1061,34,9.04154441077978,0.0269250348814033,0.00461803842013746,61.5897000561694,226798.1,675.414500000001,111.5441,1644752.94,27385,1,10,10,0,0,0,9,0,0,0,0,0,4.38095238095238,0.0309874213836478,0.00220754716981132,64.0826035502959,736.0,4.927,0.351,10829.96,8,48,48,0,14,0,76,0,3,0,4,0,5.85834502103787,0.0321359583952452,0.00276953937592868,64.8076837725382,4177.0,21.6275,1.8639,46726.34
C9CB4,B,M,1131,3,5.23,5,2.25282714273676,0.2855,0.0002946,5.5,8.090298,14.669599999999999,0.1204728830714846,14.4136,14.8221,0.152352,0.004843909807399617,0.14796,0.1611,2.0661300000000002,0.04522465035796293,2.0066,2.1187,0.001219819,0.0008642209546747225,1e-05,0.0021761,0.00698859,0.00014684534154454237,0.0068262,0.0072704,143.09038017683108,0.05321429657698758,0.004183768346852741,0.04490410950971491,0.05797367413520185,140,225,1364,428,569,21,5,0,192,0,0,0,7.85134781470819,0.0220377408993576,0.00547404697728148,53.9152136994056,30000.0,82.3329999999999,14.2161,190482.45,134,153,150,123,35,0,49,0,21,0,0,6.8381601362862,0.0314804577464789,0.00447285464098074,63.4144481605351,4014.0,17.8809,2.554,37921.84,546,496,460,144,751,47,419,22,360,2,322,0,7.60500333555704,0.0265322862823062,0.00537529349690015,61.2324097758642,56999.5,200.1861,40.7501,483552.34,2301,2290,3221,680,3421,558,1512,58,948,4,1061,34,8.98160924166801,0.0269192315429491,0.0046238045477345,61.5811161911961,223139.1,669.077500000001,110.6199,1629744.24,27145,1,10,10,0,0,0,13,0,0,0,0,0,4.11547619047619,0.0314471698113208,0.00220062893081761,64.9176331360947,691.4,5.0001,0.3499,10971.08,8,48,48,0,14,0,76,0,3,0,4,0,5.77054698457223,0.0324845468053492,0.00279093610698366,64.6264355062414,4114.4,21.8621,1.8783,46595.66
5E9F5,B,M,1149,3,4.52,5,-0.987042943847941,0.2293,0.0002366,4.5,2.401215,22.67418,0.43629418413624393,22.0849,23.5708,0.209029,0.0061299237805665695,0.20261,0.2179,5.35111,0.5581907408961763,4.408,6.1032,0.000275604,0.0006596239958341588,1.0009e-05,0.0021365,0.00292976,0.00011499196300418369,0.0027568,0.0031615,341.32488668013764,0.21154960320294242,0.01977020116727459,0.1822926777581061,0.2451171793800016,142,228,1364,426,563,21,23,0,178,0,0,0,7.9070437287248,0.0224285025448701,0.0052751636503658,53.8990749646393,30197.0,83.7256,13.6996,190533.23,232,244,244,202,33,0,46,0,20,8,0,7.37423312883436,0.0316117400419287,0.00492830188679245,66.9178998073218,3606.0,15.0788,2.3508,34730.39,446,403,365,64,673,41,437,22,356,2,314,0,6.99395655036208,0.0268034956794973,0.00528634705575821,60.840986586436,53119.1,204.7251,40.578,485328.55,2319,2309,3243,680,2912,440,1564,62,944,4,1101,34,8.07136352838705,0.0270607606458762,0.004570461083258,61.7197137227202,203866.5,683.771300000001,111.2176,1660075.14,27577,0,7,7,0,1,0,31,4,1,0,29,0,3.67337278106509,0.0367197530864198,0.00275123456790124,77.4388165680473,620.8,5.9486,0.4457,13087.16,21,36,35,0,11,2,71,4,1,0,40,0,4.484,0.0336112408759124,0.0023734693877551,66.9219972260749,3138.8,23.0237,1.6282,48250.76
977FB,B,M,1137,3,4.84,5,-0.583539545677718,0.2541,0.0002622,5.5,6.576042,14.035749999999998,0.21420034884295697,13.7869,14.3378,0.15914299999999998,0.0034683747394613144,0.15216,0.16285,2.6011600000000006,0.10293237477964733,2.4261,2.8,1.8565200000000003e-05,2.2888027742808154e-05,1e-05,8.3127e-05,0.005816409999999999,0.0003567340199644547,0.005324,0.0063957,171.92735725301347,0.06578936380669484,0.00411161593635118,0.05990627397788728,0.07311076409527394,142,228,1364,425,547,20,38,0,162,0,0,0,7.66970411102383,0.0227237074738816,0.00516180207932229,54.1284021493213,29290.6,84.8276,13.4052,191398.03,239,248,248,206,32,0,31,0,14,8,0,6.9298755186722,0.0307179704016913,0.00463911205073996,66.2942718446602,3340.2,14.5296,2.1943,34141.55,440,399,361,60,687,43,458,22,358,2,314,0,7.26759636889883,0.0269059277676001,0.00527158854166667,60.838990101491,55241.0,205.6151,40.4858,485555.98,2319,2297,3231,680,3443,555,1505,58,937,4,1065,34,8.86249098918702,0.0269635483354674,0.00457925430210326,61.5842421737008,221296.4,673.873000000001,110.1677,1638695.1,27289,19,8,8,0,2,0,19,0,0,0,4,0,4.43733333333333,0.0312055900621118,0.00252732919254658,68.8755029585799,665.6,5.0241,0.4069,11639.96,21,38,38,0,3,0,45,0,0,0,4,0,4.18371428571429,0.0325878477306003,0.00208374816983895,62.7777531206657,2928.6,22.2575,1.4232,45262.76
2FE00,B,M,1103,3,4.14,4,-1.16612210563406,0.2009,0.0002074,4.5,8.641933,20.669779999999996,0.5517209254283865,19.5223,21.1845,0.239087,0.002717241452486526,0.23427,0.24242,6.874239999999999,0.265033067957776,6.4023,7.3371,1.3283700000000001e-05,6.381658440840873e-06,1e-05,2.7719e-05,0.0026336,7.865855890422155e-05,0.0025458,0.0028251,379.7083839611179,0.26438876417826307,0.007267613076069512,0.2552961011467293,0.2746153458014196,372,442,1325,629,391,11,69,0,101,0,8,0,7.02970186681527,0.0246961352657005,0.00463638088012139,56.9416656662665,25229.6,86.9057,12.2215,189729.63,4,30,30,0,22,0,75,1,17,59,0,6.38354253835425,0.0305238784370478,0.00535050651230101,72.0609708737864,4577.0,21.092,3.6972,51955.96,604,426,491,62,737,47,451,21,352,2,291,0,7.60575500874008,0.027218043335522,0.00505354966887417,60.4013197142499,56564.0,207.2654,38.1543,481942.13,2079,2045,2979,474,3427,525,1474,58,923,4,1057,34,8.96623759940969,0.0269134681513018,0.00457876479101048,61.4914196699875,218722.4,657.4422,107.5735,1598715.42,26473,19,8,8,0,2,0,19,0,0,0,4,0,4.43733333333333,0.0312055900621118,0.00252732919254658,68.8755029585799,665.6,5.0241,0.4069,11639.96,21,38,38,0,3,0,45,0,0,0,4,0,4.18371428571429,0.0325878477306003,0.00208374816983895,62.7777531206657,2928.6,22.2575,1.4232,45262.76
D02F0,B,M,1050,3,3.73,4,-1.33936252753864,0.1718,0.0001773,4.5,3.177858,22.737569999999998,0.7259493601102245,21.7274,23.703,0.22471999999999998,0.012640102847682844,0.20987,0.24011,6.48006,0.5497465985949042,5.8802,7.3686,0.0002391382,0.00032862193758069296,1e-05,0.00096471,0.00361604,0.0002980556256808449,0.0032084,0.0039793,276.54561343347973,0.26375338724825526,0.027525484832909387,0.23154402875832192,0.30317954938457237,366,438,888,255,305,9,164,1,115,0,103,0,7.03143254520167,0.0267146182231053,0.00485421412300683,61.8522396114409,25278.0,94.1156,14.917,229224.4,5,30,30,0,79,0,64,9,25,89,0,7.72765363128492,0.0257160636758321,0.00630318379160637,73.5192371705964,5533.0,17.7698,4.3555,53007.37,918,617,640,209,662,48,404,12,321,2,244,10,7.34069914361926,0.0272851427801724,0.00476068098905553,59.9508401430031,52287.8,202.5649,35.2338,469534.98,2055,1988,2922,474,3306,523,1353,57,897,4,958,34,8.98890521040353,0.0266917330806014,0.00458329817316756,61.0765430501073,208057.2,619.595200000001,102.1113,1510239.68,25201,1,10,10,0,0,0,9,0,0,0,0,0,4.38095238095238,0.0309874213836478,0.00220754716981132,64.0826035502959,736.0,4.927,0.351,10829.96,8,48,48,0,14,0,76,0,3,0,4,0,5.85834502103787,0.0321359583952452,0.00276953937592868,64.8076837725382,4177.0,21.6275,1.8639,46726.34
54D6F,B,M,1068,3,4.11,4,-0.994228140565043,0.1987,0.0002051,4.5,3.27288,18.062320000000003,0.39448806713398954,17.4387,18.6328,0.21867,0.00628127375617398,0.20764,0.22469,6.349419999999999,0.2798008966707895,6.0322,6.8679,0.0004436272,0.0008256039896460719,1.0018e-05,0.0021483,0.00293031,7.988724623562337e-05,0.0028464,0.0030682,341.2608222338251,0.19910832231396153,0.014459146697608614,0.1693677123185959,0.21713609175997,363,436,777,253,312,9,173,1,118,0,113,0,6.98916064480267,0.0268500992907801,0.00492427763819095,62.6786677454153,25147.0,94.6466,15.6789,232412.5,3,30,30,0,39,0,64,9,21,98,0,7.03899721448468,0.0260931982633864,0.00620115774240232,73.560693481276,5054.0,18.0304,4.285,53037.26,918,618,640,209,685,49,422,12,321,2,246,10,7.46564649726239,0.0273585342853294,0.00473077962437509,59.9863764044944,53177.8,203.0824,35.0125,469813.3,2073,2010,2944,474,3394,561,1397,59,893,4,970,34,9.10754668930391,0.0268726283706557,0.00451332363700472,61.1232632457572,214573.8,634.812100000001,102.4028,1537800.18,25633,0,7,7,0,0,0,27,2,0,0,18,0,1.75739644970414,0.0348475308641975,0.00274197530864198,74.8378698224852,297.0,5.6453,0.4442,12647.6,21,36,36,0,9,2,57,2,0,0,22,0,3.88285714285714,0.0329925547445255,0.00222817518248175,65.5771151178918,2718.0,22.5999,1.5263,47281.1
C6829,B,M,818,2,3.24,3,-0.546169127435588,0.139,0.0001434,4.0,0.467163,28.120300000000004,0.585276282337381,27.4911,29.0846,0.268219,0.007933980995971979,0.25953,0.28026,6.4417100000000005,0.41451913358868137,5.7495,6.8938,2.2375999999999997e-05,2.5827429613580298e-05,1e-05,9.0304e-05,0.00233344,5.118615698278851e-05,0.0022762,0.0024404,428.55183763027975,0.37314954726433947,0.016273919641997363,0.3601864363816696,0.4150837649887198,342,221,184,55,498,44,91,11,258,2,57,0,8.209726443769,0.0233094652406417,0.00565379931162298,56.0318868407578,29711.0,87.1773999999999,21.3544,218860.55,79,34,37,5,45,2,13,0,30,0,0,6.12928348909657,0.0319141193595342,0.00400994152046783,51.9880446927374,3935.0,21.925,2.7428,37223.44,1058,925,1884,354,1241,162,546,9,258,0,414,34,9.52491765716741,0.0256329679595278,0.00456917329868442,63.4514739170028,66512.5,182.4042,28.1324,487751.48,1706,1697,2668,419,2809,515,1120,36,607,2,739,34,9.5081329837675,0.0274132917038359,0.00422268199233715,61.2015259706464,170452.3,491.6848,71.6377999999998,1175926.12,19633,0,9,9,0,0,0,18,0,2,0,0,0,1.01775147928994,0.03318125,0.00248375,62.5041420118343,172.0,5.309,0.3974,10563.2,7,45,45,0,0,0,78,0,3,0,4,0,2.20700280112045,0.0332859467455621,0.00264837278106509,63.9968099861304,1575.8,22.5013,1.7903,46141.7
D9E16,B,M,792,2,3.63,4,0.0718008736377184,0.1649,0.0001702,4.0,13.943396,24.889060000000004,0.38638749174601733,24.1546,25.5283,0.264299,0.009263227719201223,0.25043,0.27848,5.602079999999999,0.412602310005921,4.8479,6.1465,0.00465671,0.0016474473152594455,0.0020048,0.0071458,0.0026789899999999996,8.293149046719894e-05,0.0025707,0.0027955,373.27500289288133,0.07431880323351304,0.015746250982197462,0.06269865213633206,0.10836129460717306,400,221,187,55,504,44,91,11,259,2,54,0,8.25779275484414,0.0234642513368984,0.00560816110227875,55.6957450076805,29406.0,87.7562999999999,21.1652,217547.58,20,34,34,5,47,2,19,0,30,0,0,6.15406562054208,0.0318991266375546,0.00412474526928675,52.8719553072626,4314.0,21.9147,2.8337,37856.32,1063,925,1884,354,1232,162,540,9,258,0,414,34,9.47241329893953,0.025629215851602,0.00454784797791132,63.3432444386628,66098.5,182.3775,28.0011,486919.520000001,1640,1656,2624,419,2802,515,1053,36,603,2,735,34,9.7358569865853,0.0272627441940875,0.00426580408910588,61.1104314147391,169102.1,473.0904,69.8951999999998,1136042.92,19009,0,7,7,0,0,0,11,0,0,0,0,0,2.42958579881657,0.0362185185185185,0.00171728395061728,59.7072189349112,410.6,5.8674,0.2782,10090.52,119,37,37,0,1,0,27,0,2,0,0,0,3.57408637873754,0.0324959064327485,0.00255365497076023,57.4983356449376,2151.6,22.2272,1.7467,41456.3
7F1C3,B,M,797,2,3.69,4,0.11349828768489,0.169,0.0001744,4.0,2.871993,28.849639999999994,1.3972049847224757,27.2054,31.0062,0.23969799999999997,0.01910507192693431,0.22097,0.26835,6.5842,0.36225274786167383,6.0217,7.0289,0.0008035783,0.0012853307670025428,1e-05,0.0039699,0.00294198,0.00017434116489738674,0.0026636,0.0032007,339.90713737007053,0.0962263582567372,0.022162796936605732,0.07671459654407997,0.13190085498544699,400,221,187,55,516,46,89,11,265,2,54,0,8.3013198539736,0.0234511229946524,0.00563049814520403,55.5115130568356,29561.0,87.7071999999999,21.2495,216827.97,21,34,34,5,26,0,23,0,27,0,0,5.47,0.0322139737991266,0.00390960698689956,53.3812849162011,3829.0,22.131,2.6859,38221.0,1096,925,1884,354,1231,162,536,9,263,0,414,34,9.5016558675306,0.0256323074761102,0.00454669481890531,63.2708416807598,65989.0,182.3995,27.994,486362.96,1640,1661,2629,419,2780,513,1072,36,598,2,737,34,9.67223969352164,0.0273162983741699,0.00424185454545454,61.1827589524318,169157.8,477.1611,69.9905999999998,1144729.42,19129,0,7,7,0,0,0,19,0,1,0,2,0,3.53136094674556,0.0310716049382716,0.00300617283950617,67.0126627218935,596.8,5.0336,0.487,11325.14,119,31,32,0,1,0,35,0,3,0,2,0,3.46976744186047,0.0319966666666667,0.00253613933236575,60.2732316227462,2088.8,22.0777,1.7474,43457.0
7FE15,B,M,793,2,3.66,4,0.101545396296348,0.167,0.0001723,4.0,2.639636,22.43633,1.2650905229358975,20.7021,24.2317,0.233534,0.022520500389151616,0.20739,0.26515,6.551979999999999,0.5267307298589838,5.7322,7.4458,0.0021978415,0.0024951844090437374,1e-05,0.0067834,0.0029957700000000005,0.0003977557962424237,0.0024308,0.0034799,333.80399696905965,0.06402212272964107,0.014729801079460295,0.04802958632690338,0.08553695520546975,386,221,187,57,477,38,88,11,255,2,46,0,8.02013986013986,0.0237275401069519,0.00552135665076841,55.0696106557377,28672.0,88.7409999999999,20.8376,214991.76,25,34,34,3,22,1,19,0,26,0,0,5.45258620689655,0.0314540029112081,0.00393100436681223,54.1209470752089,3795.0,21.6089,2.7006,38858.84,1104,925,1884,354,1234,161,536,9,266,0,414,34,9.49214357791553,0.0255977234401349,0.00456131232743219,63.1387511382855,65847.0,182.1534,28.084,485347.580000001,1640,1657,2625,417,2773,513,1068,36,596,2,737,34,9.68894382797677,0.0272675299263352,0.00424903096050706,61.2193844005157,168519.8,473.8006,69.7180999999998,1139660.06,19033,0,7,7,0,0,0,19,0,1,0,2,0,3.53136094674556,0.0310716049382716,0.00300617283950617,67.0126627218935,596.8,5.0336,0.487,11325.14,119,31,32,0,1,0,35,0,3,0,2,0,3.46976744186047,0.0319966666666667,0.00253613933236575,60.2732316227462,2088.8,22.0777,1.7474,43457.0
AE659,B,M,790,2,4.31,4,0.892296799898471,0.2135,0.0002203,4.5,1.140604,22.18567,0.4549375587191426,21.5254,22.9267,0.236803,0.0064397999451328725,0.22694,0.24492,4.435359999999999,0.29919456025952224,4.1075,4.9509,0.0025258524,0.0028849350149241833,1.1017e-05,0.0081024,0.00361765,0.00014610757262297448,0.003417,0.0038472,276.4225394938703,0.06350008389413785,0.006260041019362627,0.05450579603906199,0.07372090241541998,365,216,187,60,474,38,78,11,258,2,40,0,7.90711902113459,0.024008518024032,0.00545545839957605,54.4555011535504,28434.0,89.9118999999999,20.5889,212430.91,13,34,34,0,29,1,18,0,20,0,0,5.95056497175141,0.0316110625909752,0.00364628820960699,54.9838280166435,4213.0,21.7168,2.505,39643.34,1140,925,1884,354,1200,161,534,9,272,0,414,34,9.30144906535285,0.0254585160202361,0.00459131070326457,62.9694757382595,64189.3,181.1628,28.2687,484046.360000001,1631,1661,2629,414,2746,513,1071,36,590,2,739,34,9.65810155799192,0.0272103641618497,0.00425515552289982,61.3298937833612,167374.9,470.7393,69.4951999999998,1137485.54,18961,4,14,14,0,0,0,19,0,0,0,4,0,4.37333333333333,0.0306412903225806,0.00320064516129032,69.2610650887574,721.6,4.7494,0.4961,11705.12,123,38,39,0,1,0,36,0,2,0,4,0,3.72675585284281,0.0316234260614934,0.00263519061583578,61.4545908460472,2228.6,21.5988,1.7972,44308.76
1D5AE,B,M,779,2,2.48,2,-1.21864627011269,0.093,9.6e-05,4.0,0.420205,28.04223,3.225504017135237,24.2433,34.6008,0.27261399999999997,0.024056857742532467,0.24327,0.31726,9.69636,2.6291102876997936,2.7968,11.4858,0.025778699999999998,0.009403092541522946,0.012706,0.048918,0.00230231,0.00023153426168352132,0.0018944,0.0027221,434.3463738592978,0.08264850253015082,0.013066598365884384,0.07112594965494012,0.10962219678665841,364,214,187,60,467,38,77,11,248,2,40,0,7.80900750625521,0.0241447291166266,0.00538545310015898,54.2339605229428,28089.0,90.4702999999999,20.3247,211566.68,13,34,34,0,29,1,26,0,20,0,0,5.93502824858757,0.0320231441048035,0.003527365356623,55.8523717059639,4202.0,21.9999,2.4233,40269.56,1188,925,1884,354,1225,161,526,9,272,0,414,34,9.47045089741719,0.0254121697582912,0.00460120188403443,62.9049876414727,64901.0,180.833,28.3296,483550.64,1627,1643,2611,414,2771,513,1046,36,589,2,735,34,9.78128881077915,0.0271485340682538,0.00426982469227899,61.2870491713614,166966.6,462.9911,68.6843999999999,1120511.12,18697,0,7,7,0,0,0,11,0,0,0,0,0,2.42958579881657,0.0362185185185185,0.00171728395061728,59.7072189349112,410.6,5.8674,0.2782,10090.52,119,37,37,0,1,0,27,0,2,0,0,0,3.57408637873754,0.0324959064327485,0.00255365497076023,57.4983356449376,2151.6,22.2272,1.7467,41456.3
51435,B,M,795,2,3.92,4,0.398868217715771,0.1851,0.000191,4.0,0.171438,31.70767,0.3216817165736624,30.9741,32.0461,0.25444600000000006,0.011898056050371331,0.2406,0.27625,7.460539999999999,0.4132867721086656,6.7471,7.8898,1.0288400000000001e-05,4.4015078224525623e-07,1e-05,1.1357e-05,0.00270318,0.0002438818147290928,0.0022096,0.002994,369.9346695373597,0.27175251399295447,0.04076419845682708,0.23602662616823866,0.35513094547883217,366,217,191,60,457,38,49,11,237,2,19,0,7.63421418636996,0.0242268963675213,0.00525188328912466,53.3510766470136,27445.0,90.7054999999999,19.7996,208122.55,10,30,30,0,32,1,52,0,10,0,0,6.22925457102672,0.0338402315484805,0.0029684515195369,58.4424549237171,4429.0,23.3836,2.0512,42137.01,1198,926,1884,354,1153,161,497,9,272,0,414,34,9.04163378635102,0.0252359100491918,0.00462202371284716,62.5667009236373,61871.9,179.5535,28.4578,480950.23,1631,1670,2638,414,2702,512,1110,36,580,2,739,34,9.50789111747851,0.0272622422606398,0.00422691114760079,61.4886387743076,165912.7,474.6629,69.5030999999998,1147808.42,19081,0,9,9,0,1,0,26,0,2,0,0,0,4.57041420118343,0.034345625,0.002825,62.8130177514793,772.4,5.4953,0.452,10615.4,7,45,45,0,14,0,78,0,3,0,4,0,5.40812324929972,0.0337034023668639,0.00260340236686391,63.8814701803052,3861.4,22.7835,1.7599,46058.54
A264C,B,M,768,2,3.54,4,0.107108724552436,0.1588,0.0001639,3.5,9.21961,29.59507,1.0690790086695074,28.2189,31.6679,0.28294699999999995,0.01602121791042532,0.26515,0.31536,6.053,0.5414730464205951,4.8167,6.7578,0.00968978,0.00463680610065928,1e-05,0.016183,0.0024668299999999997,8.814917974030664e-05,0.0023506,0.0026665,405.3785627708436,0.05754263590534862,0.004089256527579772,0.05215593658543889,0.06712907809737387,370,217,191,60,458,38,47,11,233,2,12,0,7.6390977443609,0.0243981303418803,0.00520631299734747,52.77483465778,27432.0,91.3466,19.6278,205874.63,6,32,30,0,32,1,72,0,10,0,0,6.68251748251748,0.0349364296081277,0.0029876989869754,59.3154230235783,4778.0,24.0712,2.0645,42766.42,1202,924,1884,354,1223,161,477,9,274,0,414,34,9.34522591022079,0.025048573837291,0.00463579665421471,62.5239026928581,63912.0,178.2707,28.5426,480621.24,1620,1628,2596,414,2763,513,1040,36,574,2,735,34,9.81623743531791,0.027064379648914,0.00426995643114225,61.4432277040901,165040.4,454.8169,67.6232999999999,1107145.52,18433,0,7,7,0,0,0,11,0,0,0,0,0,2.42958579881657,0.0362185185185185,0.00171728395061728,59.7072189349112,410.6,5.8674,0.2782,10090.52,119,37,37,0,1,0,27,0,2,0,0,0,3.57408637873754,0.0324959064327485,0.00255365497076023,57.4983356449376,2151.6,22.2272,1.7467,41456.3
56C9D,B,M,775,2,3.71,4,0.267753627942408,0.1704,0.0001758,4.0,3.195068,27.039810000000006,0.4561584798924362,26.2272,27.6053,0.29096099999999997,0.006095230284593207,0.28363,0.29896,5.63583,0.3402728286079994,5.143,6.2701,0.0033518644,0.003226312410991471,1.0023e-05,0.0074866,0.0034013000000000003,0.00024385069202280312,0.0030167,0.0037089,294.00523329315257,0.07926560178042227,0.016033117389305143,0.06755551604243737,0.11342650606695374,370,217,191,60,457,38,39,10,229,2,6,0,7.60985797827903,0.0242737446581196,0.00517403183023872,52.6745270443476,27327.0,90.8808999999999,19.5061,205483.33,6,34,30,0,32,1,74,0,10,0,0,6.7048951048951,0.0355426491994178,0.00290651230101302,58.9805270457697,4794.0,24.4178,2.0084,42524.96,1202,922,1884,354,1224,161,475,9,274,0,414,34,9.34471413949408,0.0249927096502318,0.00464420984245574,62.5374177182256,63908.5,177.9231,28.5944,480725.13,1620,1635,2603,414,2630,502,1065,36,575,2,739,34,9.54463812496319,0.0271178120947778,0.00426024503062882,61.5142365425853,162077.5,460.0808,68.1553999999999,1118759.42,18601,0,7,7,0,0,0,25,0,0,0,4,0,3.89230769230769,0.0317932098765432,0.00325432098765432,68.8084023668639,657.8,5.1505,0.5272,11628.62,119,31,32,0,1,0,41,0,3,0,4,0,3.46810631229236,0.0320526086956522,0.00259724238026125,60.9872399445215,2087.8,22.1163,1.7895,43971.8
87CDF,B,M,772,2,4.39,4,1.09418009795986,0.2194,0.0002265,4.0,2.023911,23.31333,0.6416389449422991,22.4001,23.9806,0.270779,0.011145878610499937,0.25732,0.28288,5.266430000000001,0.1692543848110817,5.0258,5.531,0.0071446711,0.005099329082496473,1.0001e-05,0.012678,0.0037893100000000006,0.00015095488251645113,0.0035869,0.0040549,263.90028791521405,0.06848455123588035,0.009657112698764334,0.05716780310599301,0.08588500555690894,369,212,186,60,452,38,29,4,228,2,0,0,7.55400890868597,0.0242085622832755,0.00512193377483443,52.4976262496795,27134.0,90.7578999999999,19.3353,204793.24,7,34,30,0,32,1,88,0,9,0,0,6.74929971988796,0.0368491994177584,0.00283140376266281,58.5423162274619,4819.0,25.3154,1.9565,42209.01,1204,922,1884,354,1225,161,461,9,274,0,414,34,9.33969577299985,0.0248789577187807,0.00465108007146337,62.5444906985821,63855.5,177.1133,28.6367,480779.5,1620,1632,2600,414,2760,513,1065,36,574,2,739,34,9.74510024247442,0.0271193347931585,0.00426431665515725,61.5128225227711,164779.9,458.2354,67.9262999999999,1114304.78,18529,0,7,7,0,0,0,25,0,0,0,4,0,3.89230769230769,0.0317932098765432,0.00325432098765432,68.8084023668639,657.8,5.1505,0.5272,11628.62,119,31,32,0,1,0,41,0,3,0,4,0,3.46810631229236,0.0320526086956522,0.00259724238026125,60.9872399445215,2087.8,22.1163,1.7895,43971.8
18FBE,B,M,771,2,3.49,3,0.165202324123607,0.1554,0.0001604,5.0,4.58911,15.580360000000002,0.21229932851728195,15.227,15.7951,0.178277,0.009033825386352737,0.16544,0.19037,2.5922099999999997,0.09883670539497635,2.481,2.8233,0.0015314608,0.0014640926638598316,1.0006e-05,0.0043125,0.00471567,0.0002871646064929002,0.0042862,0.0051701,212.05894390404757,0.0654376546804604,0.004128370507734435,0.05711045456179309,0.07280345738894972,369,212,186,60,453,38,35,4,228,2,0,0,7.33569042316258,0.0242558015470792,0.00513128476821191,52.5075416559856,26349.8,90.9349999999999,19.3706,204831.92,7,34,30,0,26,1,89,0,9,0,0,6.57843137254902,0.0371844250363901,0.002694500723589,58.1926352288488,4697.0,25.5457,1.8619,41956.89,1205,922,1884,354,1148,161,454,9,274,0,414,34,8.95174078408426,0.0248481528304537,0.00465666720805587,62.5324586965006,61194.1,176.894,28.6711,480687.01,1620,1631,2599,414,2681,513,1059,36,574,2,739,34,9.67023393544566,0.0271077634230177,0.00426293851376838,61.5098380410148,163281.9,457.4164,67.8062999999999,1112774.48,18505,0,7,7,0,0,0,25,0,0,0,4,0,3.89230769230769,0.0317932098765432,0.00325432098765432,68.8084023668639,657.8,5.1505,0.5272,11628.62,119,31,32,0,1,0,41,0,3,0,4,0,3.46810631229236,0.0320526086956522,0.00259724238026125,60.9872399445215,2087.8,22.1163,1.7895,43971.8
D1019,B,M,777,2,3.56,4,0.0775172083523929,0.1601,0.0001653,4.0,0.443619,26.344910000000006,1.6039292042079387,24.4705,28.8599,0.22517699999999996,0.01943693794471409,0.20443,0.25936,7.384950000000001,0.7720129032456503,5.9078,8.5071,1.8594e-05,2.2555145586859876e-05,1e-05,8.1502e-05,0.00245826,0.00012836108963908553,0.00229,0.0026253,406.7917958230619,0.29154880034396624,0.009097689791866618,0.281801050694943,0.31270624018381643,369,212,186,60,460,38,35,4,228,2,0,0,7.58407572383074,0.0242302213923713,0.0051365298013245,52.5047577544219,27242.0,90.8390999999999,19.3904,204821.06,7,34,30,0,23,1,93,0,9,0,0,6.50980392156863,0.0377387190684134,0.00256859623733719,57.9161442441054,4648.0,25.9265,1.7749,41757.54,1211,922,1884,354,1188,160,450,9,274,0,414,34,9.10263543191801,0.0248225031605562,0.00466514536300146,62.5140132691557,62171.0,176.7114,28.7233,480545.22,1627,1650,2618,414,2639,501,1075,36,574,2,739,34,9.57507930912936,0.0271601917759868,0.00424713991641194,61.5415552508911,162987.0,461.6961,68.0858999999999,1122210.26,18649,7,20,20,0,13,0,16,0,0,0,0,0,9.18148148148148,0.032206711409396,0.00269261744966443,64.8313609467456,1487.4,4.7988,0.4012,10956.5,40,44,45,0,13,0,52,0,1,0,4,0,5.0417033773862,0.0322277695716396,0.00254881656804734,63.0373925104022,3433.4,21.8182,1.723,45449.96
9C5D4,B,M,775,2,3.37,3,-0.136563791431273,0.1475,0.0001522,4.0,11.719309,20.118719999999996,1.8948947703412626,18.1051,22.567,0.22094999999999998,0.026544061064158547,0.19438,0.25577,7.295179999999999,0.4659351809950488,6.6266,7.9519,0.0051185229,0.00432895774387473,1.0189e-05,0.010546,0.0033666600000000005,0.000564248602026526,0.0026173,0.0040873,297.03029114909134,0.08270110377473346,0.01000651556415273,0.06415965903238001,0.09753046176256307,369,212,186,60,460,38,35,4,228,2,0,0,7.58407572383074,0.0242302213923713,0.0051365298013245,52.5047577544219,27242.0,90.8390999999999,19.3904,204821.06,7,34,30,0,23,1,93,0,9,0,0,6.50980392156863,0.0377387190684134,0.00256859623733719,57.9161442441054,4648.0,25.9265,1.7749,41757.54,1211,922,1884,354,1225,161,450,9,274,0,414,34,9.33323572474378,0.0248225031605562,0.00466514536300146,62.5140132691557,63746.0,176.7114,28.7233,480545.22,1625,1642,2610,414,2767,513,1065,36,574,2,739,34,9.83694627709708,0.0271332802641665,0.00425243574510662,61.5377918293286,166992.0,460.1533,68.0006999999999,1119187.82,18601,5,14,14,0,12,0,15,0,0,0,4,0,8.21951219512195,0.0304335483870968,0.00346451612903226,68.3749112426036,1348.0,4.7172,0.537,11555.36,86,38,39,0,12,0,42,0,1,0,4,0,4.78267716535433,0.031384187408492,0.00264237536656892,62.7792510402219,3037.0,21.4354,1.8021,45263.84
AAC09,B,M,780,2,3.44,3,-0.0829746885789928,0.1521,0.000157,4.0,3.778649,23.08222,0.7450217532991155,21.4065,23.7097,0.26876,0.011164345032289169,0.24707,0.28012,7.37082,0.5134912501688805,6.6976,8.3563,3.2735e-05,4.2345598480440284e-05,1.0012e-05,0.0001167,0.0027458300000000003,7.083873783303725e-05,0.0026249,0.0028438,364.1886059952728,0.2802297614394488,0.007002537696710024,0.2705953721273109,0.2947018314019327,370,212,186,60,381,31,39,4,230,2,0,0,7.07179058758006,0.0242317417978127,0.00515311258278145,52.5487080235836,25394.8,90.8448,19.453,204992.51,6,34,30,0,23,1,95,0,6,0,0,6.51188811188811,0.0383797671033479,0.0024095513748191,57.4846879334258,4656.0,26.3669,1.665,41446.46,1213,922,1884,354,1224,161,444,9,274,0,414,34,9.30653192735794,0.0248243573535609,0.00465957446808511,62.4663678938468,63545.0,176.7246,28.689,480178.97,1626,1654,2623,414,2712,511,1092,36,573,2,739,34,9.68443404504241,0.027223653834886,0.00423510995154677,61.5485693996832,165555.4,464.6261,68.1767999999999,1126769.66,18721,2,14,15,0,1,0,31,0,2,0,0,0,5.60958083832335,0.036498064516129,0.00271753246753247,62.6308875739645,936.8,5.6572,0.4185,10584.62,8,44,45,0,14,0,73,0,3,0,4,0,5.48499298737728,0.0331740029542097,0.00257707100591716,63.9101803051318,3910.8,22.4588,1.7421,46079.24
6B8E0,B,M,780,2,3.41,3,-0.118649754994317,0.1501,0.0001549,4.0,3.363312,26.78066,0.730712103514251,25.9081,27.8755,0.251018,0.013133523518081508,0.2374,0.27186,6.39773,0.29154357421604515,5.8434,6.7622,0.0023110080000000002,0.0015958325382333966,2.485e-05,0.0041993,0.00275689,0.00014187716479014122,0.0025693,0.003023,362.727566206849,0.24153584081507593,0.012031897743640503,0.22910047060415945,0.2668990628741983,369,203,186,60,461,38,39,4,231,2,0,0,7.64949888641425,0.0242596061734965,0.00516320529801324,52.5323455524224,27477.0,91.1676,19.4911,204928.68,6,34,30,0,23,1,95,0,5,0,0,6.6013986013986,0.0388822416302766,0.00235151953690304,57.3094174757281,4720.0,26.7121,1.6249,41320.09,1217,922,1884,354,1220,161,444,9,274,0,414,34,9.26560668229777,0.0247557100716393,0.00466702939743381,62.4118602835957,63228.5,176.2359,28.7349,479759.97,1626,1655,2623,414,2764,513,1097,36,572,2,739,34,9.80443989470605,0.0272331477792101,0.00423095415579575,61.5567007155733,167606.9,464.7609,68.1098999999999,1126918.52,18721,0,9,9,0,1,0,26,0,2,0,0,0,4.57041420118343,0.034345625,0.002825,62.8130177514793,772.4,5.4953,0.452,10615.4,7,45,45,0,14,0,78,0,3,0,4,0,5.40812324929972,0.0337034023668639,0.00260340236686391,63.8814701803052,3861.4,22.7835,1.7599,46058.54
86AD2,B,M,766,2,3.69,4,0.297345144142451,0.169,0.0001744,4.0,8.441672,24.476239999999997,0.3000471933250202,24.0407,24.833,0.255097,0.008454043148432323,0.24447,0.26659,6.19397,0.3685721037553801,5.7281,6.7307,1.77513e-05,8.883149379583797e-06,1.0616e-05,4.1079e-05,0.0029116100000000002,0.00011702990548478529,0.0027578,0.0030838,343.4525915215293,0.3259409309990733,0.011900564419579223,0.3066667886645481,0.34311960429374166,373,181,189,60,463,37,48,0,210,2,0,0,7.7226867335563,0.0251784920634921,0.00486935312831389,52.0578261984106,27709.0,95.1747,18.3672,203077.58,4,39,35,0,10,0,119,0,6,0,0,6.37377963737796,0.0385538123167155,0.00248163265306123,59.1855755894591,4570.0,26.2937,1.7024,42672.8,1230,917,1879,354,1226,161,409,9,275,0,414,34,9.18440757598003,0.0245448624368332,0.0046815481986368,62.24572134773,62555.0,174.8576,28.8477,478482.86,1621,1640,2609,414,2726,417,1069,36,571,2,739,34,9.13519446432832,0.0270351627351448,0.00427901876267748,61.6171131267041,153142.4,452.7038,67.5057999999999,1107321.14,18385,2,14,15,0,1,0,31,0,2,0,0,0,5.60958083832335,0.036498064516129,0.00271753246753247,62.6308875739645,936.8,5.6572,0.4185,10584.62,8,44,45,0,14,0,73,0,3,0,4,0,4.29565217391304,0.0331740029542097,0.00257707100591716,63.9101803051318,3062.8,22.4588,1.7421,46079.24
2C493,B,M,755,2,3.6,4,0.255555926220127,0.1629,0.0001681,3.5,6.001812,27.77129,1.7341573211024806,26.1955,30.3085,0.268779,0.03598442454729545,0.23571,0.32181,6.526390000000001,0.3012544898697224,6.1287,6.9557,0.004836841000000001,0.0042103303813001295,1e-05,0.01003,0.00314793,0.0005499024601387656,0.0023505,0.0037398,317.6690714215373,0.07787134536451955,0.011581380391465577,0.0660141498803531,0.09605428448403829,373,181,189,60,463,37,70,0,192,2,0,0,7.79152731326644,0.0255593650793651,0.00476383881230116,52.0724993591386,27956.0,96.6144,17.9692,203134.82,4,45,35,0,7,0,101,0,8,9,0,6.02231520223152,0.0373551775147929,0.00243002915451895,60.9695145631068,4318.0,25.2521,1.667,43959.02,1231,912,1879,354,1196,160,417,9,270,0,405,34,9.03604992657856,0.0245732781596297,0.00467687439143135,62.0482424873163,61535.5,175.1829,28.8189,476964.84,1619,1622,2590,414,2713,511,1016,36,566,2,739,34,9.84368561386499,0.0268835687011334,0.00429971025690554,61.5952363472073,162440.5,443.552,66.7787999999999,1090666.85,18121,5,14,14,0,12,0,15,0,0,0,4,0,8.21951219512195,0.0304335483870968,0.00346451612903226,68.3749112426036,1348.0,4.7172,0.537,11555.36,86,38,39,0,12,0,42,0,1,0,4,0,4.78267716535433,0.031384187408492,0.00264237536656892,62.7792510402219,3037.0,21.4354,1.8021,45263.84
B8A0E,B,M,749,2,3.58,4,-0.334340409566092,0.1615,0.0001667,5.0,8.250118,15.895239999999998,0.15003171664684753,15.6426,16.1224,0.18160699999999996,0.005145783710961821,0.17332,0.1887,2.5777200000000002,0.12482592145330498,2.3778,2.7625,0.0006103332,0.0009881019913372416,1.0081e-05,0.0023783,0.00454419,0.00023750459855197186,0.0041977,0.0048472,220.06122103169102,0.07505899469646192,0.004048901977997069,0.06945533555051664,0.08059274248904985,154,184,188,60,455,37,123,0,174,2,0,0,7.59548200682952,0.0271230076780514,0.00449644844950967,51.665108946424,28916.0,102.4436,16.9651,201545.59,25,44,158,2,25,0,61,0,6,12,0,6.45114942528736,0.033319940915805,0.00221989342806394,65.0319888734353,4490.0,22.5576,1.2498,46758.0,1215,916,1824,352,1211,161,411,9,272,0,402,34,9.10298857310284,0.0246115649122807,0.00469348560398906,61.717549746391,62137.0,175.3574,29.1794,474546.24,1619,1620,2592,414,2737,512,997,36,566,2,739,34,9.9468394669275,0.0267291679403314,0.0043161650958726,61.7357592666401,162710.4,437.209,66.4041999999999,1084265.14,17977,0,9,9,0,1,0,26,0,2,0,0,0,4.57041420118343,0.034345625,0.002825,62.8130177514793,772.4,5.4953,0.452,10615.4,7,45,45,0,14,0,78,0,3,0,4,0,5.40812324929972,0.0337034023668639,0.00260340236686391,63.8814701803052,3861.4,22.7835,1.7599,46058.54
3AE79,B,M,695,2,3.11,3,0.028695800171552,0.1307,0.0001349,3.5,2.554906,34.49509,0.977632239932561,33.2804,36.0549,0.330244,0.01840110878301752,0.30954,0.35799,9.21227,0.71169416972617,7.991,9.8585,0.0010547831000000001,0.0016994591211723445,1e-05,0.0051794,0.0020906400000000004,5.657669720535713e-05,0.0019868,0.00216,478.32242758198436,0.09014234791588208,0.02910130977995702,0.06303637851370433,0.14119757968715682,156,188,201,60,384,31,182,0,141,0,10,0,7.32415243101183,0.0291708984892658,0.00392954787234043,53.2686849525763,27868.4,110.0618,14.7751,207801.14,328,48,138,2,9,0,51,0,7,28,0,3.34605597964377,0.0286206537890045,0.00349296740994854,67.5210292072323,1315.0,19.2617,2.0364,48547.62,915,902,1824,352,1216,161,404,9,265,0,376,34,8.99501824305361,0.0249686930942709,0.00469198970564581,61.4401846794122,64098.5,178.2515,29.1701,472413.58,1608,1538,2497,414,2686,512,860,36,557,2,725,34,10.1956810190407,0.026168038037377,0.00447460518894529,61.5194725517919,153679.5,396.2626,63.4677999999999,1000737.26,16681,9,8,9,0,0,0,0,0,0,0,0,0,2.3625,0.0299422360248447,0.002203125,59.6827218934911,378.0,4.8207,0.3525,10086.38,122,37,37,0,1,0,31,0,6,0,0,0,3.61769616026711,0.031883918128655,0.00289502923976608,56.2243550624133,2167.0,21.8086,1.9802,40537.76
50FBF,B,M,712,2,3.07,3,-0.119690198912704,0.1282,0.0001323,4.0,3.10734,25.14082,1.5670929964605032,23.2366,27.3884,0.24708899999999998,0.019205825186935113,0.22618,0.27293,6.7991399999999995,0.8540670923424122,5.3563,7.793,0.0008829053,0.0016509488086372938,1e-05,0.0050048,0.00252141,9.145904304963809e-05,0.0023431,0.0026485,396.6034877310711,0.07329352269103294,0.026060345497109654,0.048445335680368566,0.11395036359816982,159,189,270,62,358,31,182,0,137,0,10,0,6.86170436612309,0.0292077677624602,0.00393104849634246,53.46828930495,26088.2,110.1717,14.5095,208472.86,328,50,69,0,16,0,56,0,7,42,0,5.94656488549618,0.0281327868852459,0.0036090490797546,69.1915533980582,2337.0,18.8771,2.3531,49887.11,912,899,1824,352,1228,161,399,9,265,0,362,34,8.99845700659279,0.0250114253710445,0.00467632298536272,61.2920925998179,64150.0,178.6316,29.0727,471274.9,1610,1561,2452,412,2716,512,902,36,558,2,729,34,10.150526519801,0.0263431414219475,0.00441891097902575,61.6079264855789,157120.0,409.0563,64.6795999999999,1027435.39,17089,5,14,14,0,12,0,15,0,0,0,4,0,8.21951219512195,0.0304335483870968,0.00346451612903226,68.3749112426036,1348.0,4.7172,0.537,11555.36,86,38,39,0,12,0,42,0,1,0,4,0,4.78267716535433,0.031384187408492,0.00264237536656892,62.7792510402219,3037.0,21.4354,1.8021,45263.84
A0B83,B,M,707,2,3.68,4,0.635355536982378,0.1683,0.0001737,4.0,0.577034,20.81089,0.460944256571949,20.0381,21.3636,0.21417999999999998,0.008979399880962103,0.20415,0.22947,5.4488,0.39881743247311097,4.9703,6.1624,0.005663658899999999,0.004387240023372589,1.2385e-05,0.010974,0.0029273100000000002,0.00010099300800880556,0.0027436,0.003094,341.6105571326576,0.03798057742501545,0.009301715304585852,0.03142006807029287,0.05776490915719098,161,189,293,62,347,24,182,0,130,0,10,0,7.14973684210526,0.0292940880169671,0.0038765812431843,53.6102641703001,27169.0,110.4973,14.2193,209026.42,328,50,46,0,16,0,56,0,7,51,0,5.70483460559796,0.0280897168405365,0.00354266666666667,69.7885298196949,2242.0,18.8482,2.3913,50317.53,910,899,1824,352,1125,160,399,9,265,0,353,34,8.47771701023699,0.0250127275273033,0.00468064983110825,61.2260371959943,60454.6,178.6409,29.0996,470767.0,1607,1556,2424,412,2600,511,896,36,558,2,729,34,9.90302044004687,0.0263098358528515,0.00443096596768648,61.5809017334058,152130.2,405.5135,64.4483999999999,1019594.99,16969,4,14,14,0,0,0,19,0,0,0,4,0,4.37333333333333,0.0306412903225806,0.00320064516129032,69.2610650887574,721.6,4.7494,0.4961,11705.12,123,38,39,0,1,0,36,0,2,0,4,0,3.72675585284281,0.0316234260614934,0.00263519061583578,61.4545908460472,2228.6,21.5988,1.7972,44308.76
CB085,B,M,714,2,3.41,3,0.272766132947586,0.1501,0.0001549,4.0,4.057386,22.97165,0.48327818823346674,22.4809,23.807,0.24234400000000003,0.006974587522650437,0.23384,0.25494,8.149359999999998,0.30316916143375194,7.651,8.5209,0.0002513886,0.0005487281832523074,1.0002e-05,0.0017673,0.00218135,4.001955771869552e-05,0.002123,0.0022347,458.43170513672726,0.2651678027580589,0.007295030584688652,0.2556292623546983,0.2801741548675981,248,196,302,62,325,21,204,0,123,0,29,0,6.78475626178292,0.029664833997344,0.00381842033342443,54.4374711464478,25191.8,111.6881,13.9716,212251.7,241,74,36,0,30,0,38,0,3,73,6,6.43541666666667,0.0267523956723338,0.00354481751824818,71.1384743411928,3089.0,17.3088,2.4282,51290.84,910,870,1826,352,1224,161,395,9,264,0,312,28,9.02208666386201,0.0251187979361316,0.00464167337087691,60.9303381454025,64336.5,180.1269,28.848,468493.37,1523,1563,2429,412,2712,511,911,36,555,2,710,34,10.0626296913027,0.0264028637472711,0.00439749116127277,61.5216890881913,157117.9,411.1982,64.6782999999999,1028950.25,17137,2,14,15,0,1,0,31,0,2,0,0,0,5.60958083832335,0.036498064516129,0.00271753246753247,62.6308875739645,936.8,5.6572,0.4185,10584.62,8,44,45,0,14,0,73,0,3,0,4,0,5.48499298737728,0.0331740029542097,0.00257707100591716,63.9101803051318,3910.8,22.4588,1.7421,46079.24
F25CD,B,M,690,2,3.46,3,0.474557627133819,0.1534,0.0001583,4.0,0.551234,26.672980000000003,1.260329741509472,25.3877,28.8797,0.24210300000000004,0.02828836669021385,0.21834,0.28977,4.16712,0.3658296592070626,3.6287,4.7301,0.014532299999999998,0.006359238646602629,0.0048843,0.022945,0.0036248799999999996,0.0005023067053327303,0.0028472,0.0044148,275.87120125355875,0.06974824111266134,0.011020693686292306,0.05918825610807407,0.0904289261876579,294,202,304,62,288,17,207,0,124,0,36,0,6.64303245159531,0.0297872838520883,0.00381987968280011,54.6448294434471,24360.0,111.9704,13.9693,213060.19,211,94,52,15,36,0,37,0,3,76,10,6.62352941176471,0.0267558213716108,0.00351270553064275,71.7903824362606,3378.0,16.7759,2.35,50684.01,893,845,1809,338,1199,161,393,9,263,0,302,24,8.87290151091214,0.0251343246247915,0.00462573812580231,60.8289121121641,63423.5,180.8666,28.8276,468565.11,1468,1519,2388,412,2686,512,846,36,551,2,699,34,10.1952362022129,0.0261875282542215,0.004444958724335,61.3913505480215,153876.7,393.9128,62.9983999999999,991408.919999999,16561,1,7,7,0,0,0,11,0,0,0,0,0,1.96547619047619,0.0349172839506173,0.0014641975308642,61.6030769230769,330.2,5.6566,0.2372,10410.92,119,37,37,0,1,0,38,0,2,0,0,0,3.65481727574751,0.0323739766081871,0.00264049707602339,57.5966990291262,2200.2,22.1438,1.8061,41527.22
EE537,B,M,700,2,3.47,3,0.427143878371973,0.1541,0.000159,4.0,0.7286,28.39195,0.833115838617629,26.4786,29.0346,0.252482,0.016392335471866786,0.23507,0.27859,8.06701,0.9503496110496509,6.5329,9.2001,0.0009403435999999999,0.0020494670552693123,1e-05,0.0060261,0.00255573,0.0001795676972311247,0.0022162,0.0027449,391.277638874216,0.2856613524689199,0.012074747311104089,0.2751081981935831,0.3075541354187955,461,202,304,62,295,17,210,0,120,0,36,0,7.03085714285714,0.0302164671455174,0.00371730926989336,55.3628981790203,24608.0,113.5837,13.5942,215859.94,176,221,179,147,32,1,34,0,3,78,10,3.7005504587156,0.0260032,0.00389428044280443,73.9074041811847,2016.8,13.0016,2.1107,42422.85,772,718,1682,205,1161,160,403,9,265,0,314,24,8.72897234832852,0.0252085893759388,0.00459512501965718,60.9207120980092,63450.9,184.6025,29.2204,477374.7,1307,1542,2411,412,2647,512,884,36,552,2,703,34,9.93336130114883,0.0262990890621928,0.00442826268241834,61.4517975471352,153907.5,401.2978,63.7226999999999,1007133.51,16801,7,20,20,0,13,0,16,0,0,0,0,0,9.18148148148148,0.032206711409396,0.00269261744966443,64.8313609467456,1487.4,4.7988,0.4012,10956.5,40,44,45,0,13,0,52,0,1,0,4,0,4.43436123348018,0.0322277695716396,0.00254881656804734,63.0373925104022,3019.8,21.8182,1.723,45449.96
9EE27,B,M,673,2,3.35,3,0.444568294141452,0.1462,0.0001508,4.0,4.187666,26.57602,1.195041633677347,24.7092,28.3249,0.258428,0.012960860568136147,0.23892,0.27331,6.95346,0.6389179989117019,6.1556,7.8501,0.00010767310000000003,0.00015641232279065058,1.0001e-05,0.00050496,0.00294044,0.00010252877319725097,0.0028186,0.003098,340.0851573233938,0.33417199770590444,0.021687490939408142,0.31437695314156355,0.3670609875289781,566,356,416,172,260,12,244,0,79,0,112,10,6.95463917525773,0.0308858529819695,0.00348344146685472,59.7325600422275,23611.0,111.3435,12.3488,226326.67,115,146,224,111,63,3,101,0,3,104,0,9.03960396039604,0.0286394782608696,0.00437907444668008,75.677,5478.0,16.4677,2.1764,46162.97,712,688,1529,131,1209,157,367,12,269,0,267,24,8.84554509482876,0.0254145654834761,0.00453353808353809,60.7061036662452,64829.0,186.8733,29.5224,480185.279999999,1169,1360,2271,302,2671,511,850,36,549,2,627,24,10.2705819540844,0.0263098019333469,0.00445095087163233,61.0273339221499,153894.4,389.2009,61.7881,967344.269999999,16153,7,20,20,0,13,0,16,0,0,0,0,0,9.18148148148148,0.032206711409396,0.00269261744966443,64.8313609467456,1487.4,4.7988,0.4012,10956.5,40,44,45,0,13,0,52,0,1,0,4,0,5.0417033773862,0.0322277695716396,0.00254881656804734,63.0373925104022,3433.4,21.8182,1.723,45449.96
F15F1,B,M,641,2,2.98,3,0.194353208566702,0.1226,0.0001265,3.5,4.216585,24.040629999999997,2.5825041719015456,19.284,27.1468,0.223574,0.01869963291380639,0.1948,0.25405,13.63175,1.2913820514386045,11.8561,16.1,0.011093970000000002,0.005533470683245131,0.0016953,0.018294,0.0033575700000000007,0.0008181441805153363,0.0023325,0.0052389,297.8344457449881,0.10699003470166371,0.0386132170240714,0.06200764071691567,0.15832461611693627,603,391,451,208,212,13,248,0,74,0,114,10,6.76497915425849,0.0312488795518207,0.00343168091168091,60.4034718891554,22716.8,111.5585,12.0452,226694.23,77,110,188,74,61,2,107,0,3,123,0,8.86335403726708,0.0284132569558102,0.0043906191369606,75.9532148377125,5708.0,17.3605,2.3402,49141.73,718,690,1532,131,1074,151,363,12,270,0,268,24,7.9473849515226,0.0254746020949531,0.00452728529728069,60.7343463969658,58198.7,187.2638,29.4681,480408.679999999,1123,1278,2189,265,2508,504,794,36,548,2,621,24,10.0531832842519,0.0260266676118239,0.00454330857835708,60.8737294973544,143378.5,367.1582,59.9535,920410.789999999,15385,118,7,8,0,1,0,0,0,1,0,0,0,3.03529411764706,0.028820987654321,0.00299689440993789,56.2776331360947,154.8,4.669,0.4825,9510.92,123,36,36,0,1,0,31,0,6,0,0,0,3.59665551839465,0.0325388321167883,0.00291664233576642,54.2880443828017,2150.8,22.2891,1.9979,39141.68
AB1B6,B,M,663,2,3.53,4,0.717924130200356,0.1581,0.0001632,4.0,2.097083,24.91819,1.1076795279120923,23.0514,26.838,0.22990300000000002,0.0217940252006013,0.20693,0.27554,5.8421199999999995,0.5543535410227345,4.4764,6.4992,0.00584397,0.0034417136749170627,0.0010563,0.013136,0.00318328,0.00017634674051109908,0.0027901,0.0034316,314.1413887562514,0.06907036996885786,0.005558823369702343,0.05742953501501723,0.0781126020803516,603,391,451,208,214,13,248,0,74,0,114,10,6.78618225134008,0.0312488795518207,0.00343168091168091,60.4034718891554,22788.0,111.5585,12.0452,226694.23,77,110,188,74,61,2,107,0,3,123,0,8.86335403726708,0.0284132569558102,0.0043906191369606,75.9532148377125,5708.0,17.3605,2.3402,49141.73,718,690,1532,131,1218,156,363,12,270,0,268,24,8.78082752970094,0.0254746020949531,0.00452728529728069,60.7343463969658,64302.0,187.2638,29.4681,480408.679999999,1128,1308,2219,265,2652,509,830,36,549,2,625,24,10.2450185999324,0.0262380349195481,0.00447035197896889,60.9580208333333,151472.6,383.2065,61.217,953871.109999999,15913,4,14,14,0,0,0,19,0,0,0,4,0,4.37333333333333,0.0306412903225806,0.00320064516129032,69.2610650887574,721.6,4.7494,0.4961,11705.12,123,38,39,0,1,0,36,0,2,0,4,0,3.72675585284281,0.0316234260614934,0.00263519061583578,61.4545908460472,2228.6,21.5988,1.7972,44308.76
918C1,B,M,676,2,3.15,3,0.1889428867692,0.1332,0.0001375,4.0,1.499699,26.35186,0.38293210944558403,25.5807,26.8089,0.23601299999999997,0.007295951769455595,0.22471,0.24733,7.147009999999999,0.7946574921869729,5.8327,7.897,4.3914200000000014e-05,5.9168311047196355e-05,1e-05,0.00016593,0.0027264900000000003,0.00011174855156903719,0.0026283,0.0029763,366.7719302106371,0.407502530836791,0.015723062743299633,0.389492446998076,0.4383563725047793,599,392,451,208,196,6,251,0,72,0,116,10,6.61957168352171,0.031293611655926,0.00342008547008547,60.575654143352,22255.0,111.6869,12.0045,227340.43,87,109,188,74,56,2,111,0,3,128,0,8.29842271293375,0.0284563725490196,0.0044906191369606,76.2499536321484,5261.2,17.4153,2.3935,49333.72,709,690,1532,131,1164,144,360,12,270,0,261,24,8.49094380796508,0.0254677322813223,0.00452014134275619,60.7062351453855,62255.6,187.2133,29.4216,480186.319999999,1131,1328,2240,265,2599,493,869,36,551,2,623,24,10.0097257188287,0.0263891924548567,0.00442886664283161,60.9907462406014,151086.8,393.119800000001,61.9377,973412.309999999,16225,0,9,9,0,1,0,18,0,2,0,0,0,4.42603550295858,0.03318125,0.00248375,62.5041420118343,748.0,5.309,0.3974,10563.2,7,45,45,0,14,0,78,0,3,0,4,0,5.52801120448179,0.0332859467455621,0.00264837278106509,63.9968099861304,3947.0,22.5013,1.7903,46141.7
D7919,B,M,645,2,2.96,3,0.146847655929704,0.1213,0.0001252,3.5,1.932997,33.317409999999995,0.7247044431276032,32.2951,34.1872,0.314072,0.015260996618103867,0.28983,0.33562,5.928640000000001,0.5945130167718039,4.6903,6.4966,0.007550612400000001,0.0074755973754437885,1.0004e-05,0.018276,0.0020527,6.93941239907562e-05,0.0019269,0.0021625,487.1632484045403,0.07191014385409017,0.010485580105797004,0.06104081229943052,0.09088396493759582,595,392,451,208,197,6,258,0,72,0,119,10,6.61913250148544,0.0312934995797142,0.00342339031339031,60.7297015720757,22280.0,111.6865,12.0161,227918.57,101,109,188,74,62,2,110,0,3,133,0,8.86612903225806,0.0285348039215686,0.00454465290806754,76.5278825347759,5497.0,17.4633,2.4223,49513.54,694,690,1532,131,1185,161,356,12,270,0,253,24,8.68365319177896,0.0254469051829683,0.00451457981256722,60.6650581542351,63798.8,187.0602,29.3854,479860.609999999,1124,1282,2194,265,2598,510,784,36,548,2,616,24,10.3387755102041,0.0260501725473625,0.00452044103258825,60.8274691114616,148433.8,369.8864,60.0631,925550.769999999,15481,9,8,9,0,0,0,0,0,0,0,0,0,2.3625,0.0299422360248447,0.002203125,59.6827218934911,378.0,4.8207,0.3525,10086.38,122,37,37,0,1,0,31,0,6,0,0,0,3.61769616026711,0.031883918128655,0.00289502923976608,56.2243550624133,2167.0,21.8086,1.9802,40537.76
24FB4,B,M,672,2,2.93,3,-0.0489520919163996,0.1195,0.0001233,4.0,2.029996,26.491750000000003,1.4635814400526763,24.3905,29.6532,0.25941999999999993,0.015853198065024256,0.24048,0.29174,7.268650000000001,0.7232942404950653,5.86,8.3862,3.88679e-05,8.827897185180122e-05,1e-05,0.00029008,0.0022482300000000004,0.00010065368624921574,0.0020835,0.0024224,444.794349332586,0.30489038975637184,0.020806192321788774,0.2855254679468219,0.3620341263846917,593,392,451,208,191,5,271,0,72,0,135,10,6.61431116389549,0.0311648921266461,0.00347358974358974,61.2467359445777,22277.0,111.2275,12.1923,229859.0,101,110,189,74,65,1,103,0,3,126,0,9.01612903225806,0.028421767594108,0.00452236842105263,76.8691962905719,5590.0,17.3657,2.4059,49734.37,700,689,1531,131,1029,159,351,12,270,0,247,24,8.14466693910911,0.0254334738846572,0.00450536098310292,60.5978154235145,59790.0,186.9869,29.3299,479328.719999999,1131,1324,2236,265,2412,476,849,36,551,2,604,24,9.71628217095613,0.0263644782168187,0.00442896422658893,60.9052294503277,145724.8,390.3261,61.5316,966200.559999998,16129,0,9,9,0,1,0,18,0,2,0,0,0,4.42603550295858,0.03318125,0.00248375,62.5041420118343,748.0,5.309,0.3974,10563.2,7,45,45,0,14,0,78,0,3,0,4,0,5.52801120448179,0.0332859467455621,0.00264837278106509,63.9968099861304,3947.0,22.5013,1.7903,46141.7
E5CCF,B,M,630,2,3.06,3,0.354722700331219,0.1276,0.0001316,3.5,2.34766,34.576060000000005,3.158833765876964,29.9536,37.9757,0.2804,0.026778639912354685,0.23641,0.32413,5.8776459999999995,2.9692186561158924,0.67656,9.7077,0.00016933249999999996,0.00032233148983176724,1e-05,0.00093551,0.0027299,0.000519039814358098,0.0021027,0.0038418,366.3137843877065,0.12310368851666469,0.021015829839809805,0.09630680322246216,0.15507700710014666,668,469,529,282,176,5,277,0,63,0,144,10,5.72930458548436,0.0314310710194731,0.00342281468531468,62.1214487632509,18866.6,109.7573,11.7471,228544.81,26,33,111,0,83,1,116,0,3,128,0,9.17697841726619,0.0283767441860465,0.00438901639344262,76.2737031900139,6378.0,19.5232,2.6773,54993.34,703,692,1534,131,1213,162,346,12,272,0,267,24,8.80526028890706,0.0254295958633828,0.00451738128169663,60.6751769911504,64613.0,186.8821,29.3946,479940.649999999,1048,1189,2100,191,2628,510,765,36,548,2,591,24,10.5295814680594,0.0259878337639966,0.00454388295829814,60.6984802411252,148182.8,362.0625,59.1659,906228.309999999,15121,118,7,8,0,1,0,0,0,1,0,0,0,3.03529411764706,0.028820987654321,0.00299689440993789,56.2776331360947,154.8,4.669,0.4825,9510.92,123,36,36,0,1,0,31,0,6,0,0,0,3.59665551839465,0.0325388321167883,0.00291664233576642,54.2880443828017,2150.8,22.2891,1.9979,39141.68
5A281,B,M,631,2,2.65,3,-0.138767084434916,0.1028,0.000106,4.0,6.475686,22.62883,1.6095820665626221,20.8279,25.356,0.24444200000000005,0.020321024580468385,0.2206,0.28049,5.70375,0.6144667502983561,4.6473,6.6483,0.0260863,0.0031565783532172937,0.021347,0.030342,0.00207996,0.00011933880061963644,0.0018696,0.0022398,480.7784765091636,0.05330225685486147,0.0062086488751510105,0.044505014268230704,0.06490877769895691,663,469,529,242,201,5,317,0,58,0,193,10,6.89114614918132,0.0317100229095074,0.00337328088578088,63.6853804786233,22727.0,110.7314,11.5771,236845.93,27,97,111,0,148,1,87,0,2,89,0,10.2737752161383,0.0276783653846154,0.00433295081967213,74.5423023578363,7130.0,17.2713,2.6431,53745.0,707,629,1534,131,1139,162,357,12,272,0,305,24,8.5721570766294,0.0255788720992984,0.00449678807438143,60.8363893805309,62868.2,189.5906,29.2606,481215.839999999,1049,1191,2102,191,2608,510,736,36,546,2,542,24,10.3690692395006,0.0260987602121256,0.00449913363489995,60.4418543533502,146162.4,364.1821,58.6822,903847.489999998,15145,1,7,7,0,0,0,11,0,0,0,0,0,1.96547619047619,0.0349172839506173,0.0014641975308642,61.6030769230769,330.2,5.6566,0.2372,10410.92,119,37,37,0,1,0,38,0,2,0,0,0,3.65481727574751,0.0323739766081871,0.00264049707602339,57.5966990291262,2200.2,22.1438,1.8061,41527.22
B8A1D,B,M,627,2,2.74,3,-0.00801971016215909,0.108,0.0001115,4.0,0.388579,26.62708,2.017518823704006,23.3089,29.8435,0.24873699999999999,0.018621093206958126,0.2216,0.27292,10.252350000000002,1.0447893272489595,8.317,11.5349,0.0073076035,0.006409154151152367,7.3035e-05,0.02085,0.00224051,0.00014416551020730764,0.0020266,0.00247,446.3269523456713,0.055750633474546986,0.004912399931439885,0.049336472805417086,0.06179365147524818,628,471,609,228,201,6,338,0,58,0,208,10,6.92499249924992,0.0318934097421203,0.00339099045346062,64.1503589606215,23081.0,111.308,11.3666,239473.29,25,137,31,0,215,1,72,1,2,88,0,11.7859195402299,0.0269544520547945,0.00442115942028986,74.2312760055479,8203.0,15.7414,3.0506,53520.75,710,586,1534,131,979,132,365,11,272,0,316,24,7.77438275815032,0.0256248289738431,0.00448122022437375,60.8848558786346,56994.0,191.0331,29.1593,481599.209999999,1047,1185,2018,191,2506,480,715,36,546,2,527,24,10.0332238251678,0.0260704270051933,0.00449855728647072,60.3398707766859,140485.2,361.4404,58.6207,896529.799999998,15049,1,7,7,0,0,0,11,0,0,0,0,0,1.96547619047619,0.0349172839506173,0.0014641975308642,61.6030769230769,330.2,5.6566,0.2372,10410.92,119,37,37,0,1,0,38,0,2,0,0,0,3.65481727574751,0.0323739766081871,0.00264049707602339,57.5966990291262,2200.2,22.1438,1.8061,41527.22
CB3F8,B,M,621,2,2.42,2,-0.352970489385451,0.0896,9.25e-05,3.5,4.768114,25.5295,2.3834037775137196,23.2887,29.0762,0.32301599999999997,0.04170608620653186,0.28597,0.39886,8.30014,1.7575292431263965,3.4501,9.4187,0.0002053876,0.00046016353480262263,1e-05,0.0014721,0.0016081600000000002,0.00025318873592638364,0.0011675,0.0018668,621.8286737638045,0.08151590568283926,0.016520214173439823,0.05602011460412985,0.10333107381963655,604,471,609,228,194,6,345,0,58,0,216,10,6.5260053619303,0.0319014899713467,0.00340862171837708,64.3099705330833,21907.8,111.3362,11.4257,240069.12,25,137,31,0,222,1,72,1,2,89,3,11.9152298850575,0.0269280821917808,0.00439768115942029,74.3803606102635,8293.0,15.726,3.0344,53628.24,711,586,1534,131,1078,161,359,11,272,0,310,21,8.53956343792633,0.0256035546613011,0.0044762870754572,60.8551517067003,62595.0,190.8745,29.1272,481364.249999999,1047,1179,2012,191,2606,509,697,36,545,2,519,24,10.5040409871554,0.0259658094127933,0.00452351663693477,60.2993027049068,145565.0,356.4067,58.3217,887243.939999999,14905,9,8,9,0,0,0,0,0,0,0,0,0,2.3625,0.0299422360248447,0.002203125,59.6827218934911,378.0,4.8207,0.3525,10086.38,122,37,37,0,1,0,31,0,6,0,0,0,3.61769616026711,0.031883918128655,0.00289502923976608,56.2243550624133,2167.0,21.8086,1.9802,40537.76
234C8,B,M,632,2,3.59,4,0.973121119488566,0.1622,0.0001674,4.0,17.394009,21.292129999999997,1.6140671685390158,19.0993,23.9342,0.240496,0.024032190079141768,0.21154,0.28008,6.03873,0.260884768304578,5.5791,6.4816,0.01398416,0.004921827875269287,0.0050526,0.019352,0.00303966,0.00018394377885043515,0.0026271,0.0032536,328.9841627024075,0.06469272189332105,0.003620293103788183,0.05859263254642355,0.07001091702753981,593,471,606,228,185,4,351,0,52,0,231,10,6.68818289786223,0.0320068767908309,0.00334438152011922,64.7353388695419,22525.8,111.704,11.2204,241657.02,26,138,31,0,236,1,74,1,8,98,13,12.1525179856115,0.027411320754717,0.00460057971014493,75.2055339805825,8446.0,15.9808,3.1744,54223.19,712,589,1538,131,1074,169,362,12,265,0,295,11,8.55109837631328,0.0255536366076221,0.00444534830078425,60.7607168141592,62671.0,190.4257,28.9081,480617.26999999897,1047,1190,2023,191,2594,509,721,36,546,2,506,24,10.3475711655573,0.0261447027684384,0.00447078198691617,60.2975684337027,146128.4,365.4768,58.7729,903136.979999998,15169,0,7,7,0,0,0,19,0,1,0,2,0,3.84852071005917,0.0310716049382716,0.00300617283950617,67.0126627218935,650.4,5.0336,0.487,11325.14,119,31,32,0,1,0,35,0,3,0,2,0,3.55880398671096,0.0319966666666667,0.00253613933236575,60.2732316227462,2142.4,22.0777,1.7474,43457.0
E37C2,B,M,608,2,3.13,3,0.568436484614278,0.132,0.0001362,3.5,17.992614,28.760720000000003,1.3347859668626032,27.3034,30.9979,0.22541099999999997,0.014377006681194487,0.21292,0.25447,9.503279999999998,0.5851728173986059,8.6809,10.719,1.88023e-05,1.1262107273211943e-05,1e-05,4.2536e-05,0.0037883900000000004,0.00022557291725736937,0.0033748,0.0040846,263.96437536790035,0.15242441993489156,0.025470725346701664,0.1088318575385366,0.18222748392488233,617,472,607,226,188,4,370,0,50,0,259,10,6.90938995215311,0.0318892232731442,0.00340474060822898,65.4048406961178,23105.0,111.2615,11.4195,244287.08,2,141,30,0,296,50,78,6,15,105,24,15.1070931849791,0.0280568965517241,0.00481997105643994,75.5519140083218,10862.0,16.273,3.3306,54472.93,712,585,1538,131,969,120,352,14,259,0,268,0,8.07231545913494,0.0254474248927039,0.00442292787944026,60.6438407079645,59162.0,189.736,28.7623,479692.78,1022,1164,1997,191,2500,492,668,36,545,2,476,24,10.4178616166826,0.025881673989128,0.00454560177834233,60.0946819886126,141380.8,347.565,57.2564,865483.609999999,14593,118,7,8,0,1,0,0,0,1,0,0,0,3.03529411764706,0.028820987654321,0.00299689440993789,56.2776331360947,154.8,4.669,0.4825,9510.92,123,36,36,0,1,0,31,0,6,0,0,0,3.59665551839465,0.0325388321167883,0.00291664233576642,54.2880443828017,2150.8,22.2891,1.9979,39141.68
